timestamp,open,high,low,close,volume,amount
2025-08-21 14:02:02.001046,100.99342830602247,103.21122563650565,99.77744263794816,100.29863117052076,1466,147037.79329598343
2025-08-21 15:02:02.001046,100.0212767675764,100.32126532932183,98.39867828040472,99.68862322698982,9322,929297.3457219991
2025-08-21 16:02:02.001046,98.75259812350598,99.29126876096866,96.33337033546864,98.36596638129447,7396,727514.6873560539
2025-08-21 17:02:02.001046,99.43335524143868,100.72184751594101,97.31909130081463,99.65579341375295,8849,881854.1159182998
2025-08-21 18:02:02.001046,99.15543369732644,100.99492368575989,97.3184662249118,100.11373305848875,2528,253087.51717185957
2025-08-21 19:02:02.001046,99.78562608333232,99.92467858878516,98.61078460345306,99.12808695138796,6393,633725.8598802232
2025-08-21 20:02:02.001046,97.93804663446387,98.22502111615718,97.0102786172116,97.82081967728213,1775,173631.95492717577
2025-08-21 21:02:02.001046,99.67440647507571,99.77723613802718,99.40325342200984,99.19353723179721,4943,490313.6545367736
2025-08-21 22:02:02.001046,98.30725989711796,98.92052514996861,97.03231401032478,97.38575377774004,7873,766718.0394921473
2025-08-21 23:02:02.001046,100.35454218484038,101.70858828934227,98.53355955014098,101.21088528775718,8629,873348.7291480567
2025-08-22 00:02:02.001046,99.16827687011163,99.97555334745334,98.65876268681504,98.88416635492817,5859,579362.3306735242
2025-08-22 01:02:02.001046,95.75291178692463,97.4966706900362,93.67315619320092,95.36276368618509,1064,101465.98056210093
2025-08-22 02:02:02.001046,95.27972789006644,96.40845399808398,93.26024025614706,94.35376104470645,6618,624433.1905938672
2025-08-22 03:02:02.001046,93.83424751869087,95.82407032758093,93.07139526459588,94.34333649579908,6892,650214.2751290472
2025-08-22 04:02:02.001046,94.74257298983937,97.34314200512837,94.31634106015707,94.6467895259384,4104,388430.4242144512
2025-08-22 05:02:02.001046,95.7769567052284,95.95957946613642,93.79719621496312,95.44208851727647,3731,356094.4322579585
2025-08-22 06:02:02.001046,97.03558088319662,98.41023037014077,94.47266037044804,97.44942751916656,4840,471655.2291927662
2025-08-22 07:02:02.001046,98.02742226170956,100.14990079760867,95.78058939512707,97.54918239115591,7938,774345.4098209956
2025-08-22 08:02:02.001046,92.43810253161215,92.5085934069392,89.96415781938445,91.57182659207592,3790,347057.22278396774
2025-08-22 09:02:02.001046,93.07708886420075,94.40447115939624,91.85761771231111,93.44105022721406,8574,801163.5646481334
2025-08-22 10:02:02.001046,95.07197984511163,95.65114282507085,94.90898911946768,95.25996655785914,4157,395995.68098102044
2025-08-22 11:02:02.001046,99.61758797079472,102.24889044305147,98.49495966111758,99.21041838520814,3693,366384.0750965737
2025-08-22 12:02:02.001046,96.26897979010315,97.47188942272044,95.93188507824578,95.93077727764566,6592,632375.6838142402
2025-08-22 13:02:02.001046,95.4917068754283,96.40270771394972,92.94222705270766,94.97210816123518,7776,738503.1130617647
2025-08-22 14:02:02.001046,95.5345715008774,95.55449656521687,94.13235509676039,95.37676941238004,4748,452848.90116998047
2025-08-22 15:02:02.001046,95.87474158235179,97.8663553538217,93.77339447134217,95.38410359371152,8994,857884.6277218413
2025-08-22 16:02:02.001046,95.7941385464329,97.81449141290813,93.96532192533711,96.69801771035084,2291,221535.15857441377
2025-08-22 17:02:02.001046,92.78694080582947,93.4878040751906,91.3874776121153,92.4174229562257,4696,433992.21820243594
2025-08-22 18:02:02.001046,92.2984298852263,92.3899458078246,90.48496302041146,92.5464382486044,6249,578322.6926155289
2025-08-22 19:02:02.001046,93.18482790164472,94.6690793348479,91.64108097843531,93.28340456969069,5931,553263.8725028355
2025-08-22 20:02:02.001046,92.88354622007513,93.55832643466438,92.33499389395963,92.82837457221237,8777,814754.6436203079
2025-08-22 21:02:02.001046,91.54883900577286,93.28880629064756,90.27386034447154,90.79866908816672,9800,889826.9570640338
2025-08-22 22:02:02.001046,90.84969696564887,92.74612844490196,90.4636551758331,90.5334653512093,7546,683165.5295402254
2025-08-22 23:02:02.001046,88.36593654778692,90.2511783815691,87.86092799370978,88.0984811124969,2734,240861.24736156652
2025-08-23 00:02:02.001046,89.04348890887216,90.07657684444159,88.87447543248662,88.39796091307946,9155,809283.3321592425
2025-08-23 01:02:02.001046,86.78082464929581,88.69490448299089,84.72170213956845,86.85276243627179,1262,109608.186194575
2025-08-23 02:02:02.001046,88.66600598940578,90.1428291440038,87.41488585030778,88.20822746298234,6423,566561.4449947355
2025-08-23 03:02:02.001046,89.13696864623192,91.71860527962076,87.95579716893214,89.81910952074746,8158,732744.2954702578
2025-08-23 04:02:02.001046,87.59707329330496,89.50482107759558,87.32668809030307,88.27522605084886,2648,233752.79858264778
2025-08-23 05:02:02.001046,85.9439539306418,86.36068425338229,85.68239430621124,86.12689261464709,3557,306353.3570302997
2025-08-23 06:02:02.001046,84.42953517013764,85.65953947476298,83.0324563735754,85.26447144473039,9352,797393.3369511187
2025-08-23 07:02:02.001046,83.39898642930528,83.44421043945154,82.1327238939292,82.86326921900425,7015,581285.8335713148
2025-08-23 08:02:02.001046,84.3004986479712,85.07958899898254,83.14357604770295,84.31535926942378,4446,374866.08731185814
2025-08-23 09:02:02.001046,85.931539408006,86.57721649707719,84.8742485252493,86.75457941846743,9754,846204.1676477313
2025-08-23 10:02:02.001046,87.23466329696413,89.31471619043644,85.93304472538308,87.3688369865963,6600,576634.3241115357
2025-08-23 11:02:02.001046,88.81423775545774,89.33444846960917,88.07473164074707,88.42482704496284,5642,498892.8741876803
2025-08-23 12:02:02.001046,88.40434198399625,89.14577242583717,88.09535295503363,88.84233028806591,2060,183015.20039341578
2025-08-23 13:02:02.001046,89.18099495031115,91.66464614158363,87.6511417528685,90.01332977152458,4170,375355.5851472575
2025-08-23 14:02:02.001046,88.30394235276403,89.01516400134388,86.94038786347268,88.07909732178649,6854,603694.1330435246
2025-08-23 15:02:02.001046,87.02761375862988,89.23170941286257,86.8448997225392,86.27990057780261,8455,729496.559385321
2025-08-23 16:02:02.001046,84.29939727487262,84.94217254764546,82.5171999153662,84.00022000244115,9096,764066.0011422047
2025-08-23 17:02:02.001046,86.33475886804773,86.6886139592361,85.58082590132057,86.42596286744292,6801,587782.9734614793
2025-08-23 18:02:02.001046,87.3162112450269,89.58749533704258,87.08894605781248,87.33601875092624,8992,785325.4806083288
2025-08-23 19:02:02.001046,88.23345913978285,89.8954980259469,86.10069925376324,87.47631179841406,9173,802420.2081268522
2025-08-23 20:02:02.001046,87.88272002165832,88.77383803380611,86.23645596516148,87.16908059156428,1853,161524.3063361686
2025-08-23 21:02:02.001046,87.47623117142577,88.33739792941195,85.25881792546502,88.31922367009972,7293,644112.0982260372
2025-08-23 22:02:02.001046,87.58700112532772,87.68513760082791,87.12086457853367,87.34209147636686,3491,304911.2413439967
2025-08-23 23:02:02.001046,87.48218594210739,88.33947088229804,87.03043406759576,87.08246743974641,1004,87430.79730950539
2025-08-24 00:02:02.001046,89.1905574309311,89.71066333849447,87.61550723080502,89.54644953678316,8079,723445.7658076711
2025-08-24 01:02:02.001046,89.27559666174122,91.22026377321153,89.21092206131755,89.30470112814888,2693,240497.56013810492
2025-08-24 02:02:02.001046,89.11324171681181,90.27221486513031,88.42896602210334,88.6692091958567,9308,825332.9991950342
2025-08-24 03:02:02.001046,87.80695915135499,88.01999542964114,86.30102012496434,88.13799121308577,2664,234799.60859166048
2025-08-24 04:02:02.001046,87.54879386942956,88.20604778669059,86.36485401502519,87.92454615346333,8404,738917.8858737057
2025-08-24 05:02:02.001046,87.36561525343882,88.09931316754808,87.24731857771428,87.78129546331925,1580,138694.44683204443
2025-08-24 06:02:02.001046,85.4518752374534,86.0869475656725,83.80087496805128,85.89254391069066,3744,321581.6844016258
2025-08-24 07:02:02.001046,89.05977271303534,89.97320447542447,86.63324764974271,88.33688698539584,3141,277466.16202112834
2025-08-24 08:02:02.001046,89.12099951871737,90.38876488653378,86.7089418786846,89.10605548692382,8421,750362.0932553855
2025-08-24 09:02:02.001046,90.48654718586252,91.6642793177756,88.85373029387176,90.69620469314029,3849,349089.69186389697
2025-08-24 10:02:02.001046,90.69949444618321,92.16713230274995,89.83956465591523,90.90964728700655,9527,866096.2097033114
2025-08-24 11:02:02.001046,92.28408348379621,94.06263571284397,89.58895813914096,92.44239790185844,1851,171110.87851634
2025-08-24 12:02:02.001046,88.93443634215757,90.65075059553921,87.48903712743366,89.01557441106861,6732,599252.8469353139
2025-08-24 13:02:02.001046,91.29533584021874,93.00969701214791,90.80351009204503,91.57193290264746,2066,189187.61337686965
2025-08-24 14:02:02.001046,92.0865522718159,92.2832177877437,90.20515668523588,92.72171983883284,1417,131386.67701162613
2025-08-24 15:02:02.001046,91.56696443042122,92.28309462824669,90.18257481551181,91.92021212268754,6745,620001.8307675275
2025-08-24 16:02:02.001046,93.5740403501949,95.63754737558986,93.02236784970238,93.1661222361717,6988,651044.8621863679
2025-08-24 17:02:02.001046,93.73872033067386,95.84957031907807,93.19550840007102,94.65830681720904,5079,480769.5403246047
2025-08-24 18:02:02.001046,93.96207077088262,95.59854429808674,93.58749080815358,94.0783332209941,4440,417707.79950121377
2025-08-24 19:02:02.001046,93.04775497413787,94.94549588915602,92.3217277962735,92.56062420709384,6917,640241.837640468
2025-08-24 20:02:02.001046,92.58310997632894,94.87859005059128,90.69455229934199,93.31548538757006,1395,130175.10211566024
2025-08-24 21:02:02.001046,95.05289670576754,97.78626108251045,94.61701209771603,94.77706306689774,1717,162732.21728586341
2025-08-24 22:02:02.001046,94.39756642631762,95.79377909469942,91.80149480567053,93.62672372870247,5491,514104.3399943053
2025-08-24 23:02:02.001046,97.41808359885333,98.37861970355809,96.46100486616427,97.90980045899296,2167,212170.53759463775
2025-08-25 00:02:02.001046,96.54073441994161,98.1322920764767,94.92328275348508,97.289319350765,5330,518552.0721395774
2025-08-25 01:02:02.001046,97.27216326220622,99.33189592226984,97.18068446549519,97.63796497916505,1953,190686.94560430935
2025-08-25 02:02:02.001046,96.03236645541564,96.27467572420255,95.17086719693967,95.21179486469276,7938,755791.2276359311
2025-08-25 03:02:02.001046,95.6758328005271,97.70294219779001,93.03905118656792,94.8814128514817,2365,224394.54139375422
2025-08-25 04:02:02.001046,93.51807279613342,95.6983912518432,92.27915729054332,93.3763405630217,6977,651486.7281082023
2025-08-25 05:02:02.001046,92.97772228441265,93.89890612221852,91.4002209041637,92.51968087578618,5849,541147.6134424733
2025-08-25 06:02:02.001046,91.25707848171436,91.58236775901163,88.84111918503692,91.52940840672407,4072,372707.75103218044
2025-08-25 07:02:02.001046,91.44118232114472,93.30943383377642,89.34948302782757,91.25870758825741,2531,230975.7889058795
2025-08-25 08:02:02.001046,92.51834056292455,93.13894204102242,92.41626287429236,91.61564739386962,7316,670260.0763335502
2025-08-25 09:02:02.001046,90.88048592827973,90.99815774140043,90.58369692656696,90.93083573337003,6348,577228.9452354329
2025-08-25 10:02:02.001046,92.46497355125759,92.67422515330277,90.15209751017885,91.94126878186884,4486,412448.5317554636
2025-08-25 11:02:02.001046,89.98048978909404,92.66865163526873,89.16236483160874,89.77209827051048,9662,867378.0134896723
2025-08-25 12:02:02.001046,93.70376235278788,94.48351216632386,91.42147929553282,93.63573043205726,3745,350665.81046805443
2025-08-25 13:02:02.001046,92.12201842493307,92.7559876346455,90.0933200248884,91.86471259068043,5835,536030.5979666202
2025-08-25 14:02:02.001046,88.35050790147191,90.50748400103582,87.51488307056093,87.75434860614727,2581,226493.97375246612
2025-08-25 15:02:02.001046,88.39052631669773,88.5925880664468,88.23283362373985,88.24315996548269,5804,512163.30043966154
2025-08-25 16:02:02.001046,85.9131289639054,88.31713763826644,85.56792285387714,85.13169522299452,2015,171540.36587433398
2025-08-25 17:02:02.001046,88.24999901235842,89.24668576501372,87.74843896121648,89.1100413709742,8449,752890.739543361
2025-08-25 18:02:02.001046,89.71763319533164,91.98422069491377,89.28249021626343,89.66145768321125,8266,741141.6092094242
2025-08-25 19:02:02.001046,89.50649846349044,89.86591749746337,86.85801540054915,88.7463359912485,3000,266239.0079737455
2025-08-25 20:02:02.001046,91.65519237111562,94.16608385181229,90.51449638851693,92.06969536036611,5809,534832.8603483668
2025-08-25 21:02:02.001046,92.48444236671006,94.84181732076397,90.39618463351427,92.39296440535787,6997,646473.571944289
2025-08-25 22:02:02.001046,90.82501754984274,91.38966119558181,90.49319924944042,91.29185656363948,4419,403418.71415472287
2025-08-25 23:02:02.001046,89.58242562704005,90.30447560621198,86.9545737483184,89.57913828642337,1770,158555.07476696937
2025-08-26 00:02:02.001046,91.69194679706423,93.21010917199962,90.48419323242658,92.38266883898167,7544,696934.8537212778
2025-08-26 01:02:02.001046,92.5074195891541,92.87934167824268,89.81207533491798,92.97946137242259,7996,743463.773133891
2025-08-26 02:02:02.001046,95.11728806544671,97.69444644788946,94.02514293296046,96.03129429399314,7241,695362.6019828044
2025-08-26 03:02:02.001046,97.04002950495466,98.89342901758631,95.74400831048843,96.24624612191778,2331,224349.99971019034
2025-08-26 04:02:02.001046,92.34012907556647,94.8623201365871,90.39533362973954,92.38371781984053,3180,293780.22266709286
2025-08-26 05:02:02.001046,96.00756795009977,98.30158749380017,94.45036400789338,96.66443524555086,3832,370418.1158609509
2025-08-26 06:02:02.001046,96.12043659732547,98.94647136780671,94.6573434875158,95.7912271976104,4818,461522.1326380869
2025-08-26 07:02:02.001046,92.60196711418975,94.21226883928058,90.77279085622747,92.67098042797213,8830,818284.7571789939
2025-08-26 08:02:02.001046,93.35044080575153,93.85979838732496,91.51797337969126,94.09124826517832,4266,401393.2650992507
2025-08-26 09:02:02.001046,92.32255901888333,93.74959635139905,92.24808337788808,92.5107777503022,8570,792817.3653200899
2025-08-26 10:02:02.001046,91.5796799264613,92.53472561841966,88.91966940518469,91.66890657495594,7376,676149.854896875
2025-08-26 11:02:02.001046,93.58536019023236,94.58482792863985,93.28836872361856,92.8904858929058,8240,765417.6037575438
2025-08-26 12:02:02.001046,92.81315264189166,94.72821667986963,91.4534130775946,92.17641298801891,5143,474063.29199738125
2025-08-26 13:02:02.001046,90.51702433530684,90.68288219066284,88.55337782970493,91.07135290919746,2276,207278.3992213334
2025-08-26 14:02:02.001046,91.11461450118013,93.64042576110212,89.02658607291514,91.58832923863702,3125,286213.5288707407
2025-08-26 15:02:02.001046,92.16650067367382,93.44540686045633,91.4682590751553,91.31245491581566,6126,559380.0988142868
2025-08-26 16:02:02.001046,92.8955372361206,94.98461731392123,90.19359292900482,93.57778989508238,7949,743849.8518760098
2025-08-26 17:02:02.001046,94.459361607948,95.96868221706936,92.31268902917238,94.02341886612331,9905,931301.9638689513
2025-08-26 18:02:02.001046,96.260423636499,96.51802903065997,94.91855977279857,95.74680961162937,4596,440052.3369750486
2025-08-26 19:02:02.001046,96.17448410495122,97.88713754462582,95.2486190377486,96.73070199877222,7371,713002.00443295
2025-08-26 20:02:02.001046,101.32411299829512,103.5900428037644,99.59651522751533,100.56941108864847,3472,349176.9952997875
2025-08-26 21:02:02.001046,102.61003019732331,103.64879309173098,102.3011146890434,102.83075508947178,1876,192910.49654784906
2025-08-26 22:02:02.001046,103.85202523041758,103.87549899652643,101.43850249530352,103.5723658912113,7767,804446.5658770382
2025-08-26 23:02:02.001046,103.16998437407028,103.66730921712205,100.65232835153087,102.72654981231493,4735,486410.2133613112
2025-08-27 00:02:02.001046,97.58455279890934,100.46050213921646,94.98501419986655,97.38519848514866,9195,895456.900070942
2025-08-27 01:02:02.001046,98.71867881894384,98.73437510782296,98.64483871694594,98.70041345316314,6560,647474.7122527502
2025-08-27 02:02:02.001046,99.2649406660069,100.68428881036903,98.78424788402161,98.67943149615013,9915,978406.5632843286
2025-08-27 03:02:02.001046,102.1985627139161,103.75487424752264,99.8758236197192,101.41130025547648,7233,733507.9347478613
2025-08-27 04:02:02.001046,100.9783295019217,102.51149546394612,100.77237715745217,100.61610446554452,4744,477322.7995845432
2025-08-27 05:02:02.001046,100.89482709780424,102.01243046553964,99.24298094026359,100.99290316141992,3219,325096.1552766107
2025-08-27 06:02:02.001046,102.25857867797488,102.52813672297864,99.61670203815983,101.2415371456161,3824,387147.638044836
2025-08-27 07:02:02.001046,99.19115694480284,100.96361981886398,97.61870786835608,99.01626491038428,8984,889562.1239548924
2025-08-27 08:02:02.001046,99.9104133529085,101.13487029819207,99.70940778981985,100.8913926913082,3635,366740.2124329053
2025-08-27 09:02:02.001046,102.19047551339291,103.35308199616456,101.96499046206335,102.64337665126094,6951,713474.1111029148
2025-08-27 10:02:02.001046,103.83260986858585,106.17040707537923,103.20817238223471,104.50779735607729,3898,407371.3940939893
2025-08-27 11:02:02.001046,105.54721472296494,107.65350613954318,104.03704124234395,105.24921373887386,2065,217339.62637077452
2025-08-27 12:02:02.001046,107.77775015567275,109.19761932948819,105.76320432711647,107.6973043809556,7565,814730.1076419291
2025-08-27 13:02:02.001046,106.81833202778212,108.54808740859932,105.01976129928025,106.98387111204703,3192,341492.5165896541
2025-08-27 14:02:02.001046,106.47210592046056,108.20830245451751,106.17336258122357,106.73666354166656,2970,317007.89071874967
2025-08-27 15:02:02.001046,108.49377311877788,109.89831661245226,106.32221313622864,108.99403603361225,6567,715763.8346327316
2025-08-27 16:02:02.001046,112.71253075732592,114.65056923909125,112.70472862436634,113.28151064593834,1950,220898.94575957977
2025-08-27 17:02:02.001046,113.20826225265115,113.69436036836109,110.50669852344834,113.69293870783605,5612,638044.7720283759
2025-08-27 18:02:02.001046,112.90271199499239,115.68437730328742,109.8903493291914,113.68502006126654,7359,836608.0626308605
2025-08-27 19:02:02.001046,115.57023302107952,117.66421958138957,113.84461347124765,115.66236708346949,3371,389897.83943837567
2025-08-27 20:02:02.001046,117.891991271005,120.15957640519116,116.80956045160413,117.99272866504887,3116,367665.34252029227
2025-08-27 21:02:02.001046,120.29018265995046,123.27385612055608,120.14249564683179,119.91132694258037,7166,859284.5688705309
2025-08-27 22:02:02.001046,121.48064402576173,122.0395208421456,119.97269203120432,121.49495123582867,1984,241045.98325188408
2025-08-27 23:02:02.001046,121.35988609819417,122.29198657174803,120.36265584387638,121.58552545006552,8147,990557.2758416837
2025-08-28 00:02:02.001046,125.91923145001951,129.40404384274842,124.81330286505407,125.04419111651703,9795,1224807.8519862844
2025-08-28 01:02:02.001046,126.52039936206087,127.94161073743014,122.98638680176069,125.45084921013509,4368,547969.3093498701
2025-08-28 02:02:02.001046,125.22446646857313,125.64987168480371,125.16751888540578,126.07323310982139,4030,508075.1294325802
2025-08-28 03:02:02.001046,128.04268175270255,131.57989367631862,127.54291719148212,128.0909232597712,6031,772516.3581796801
2025-08-28 04:02:02.001046,124.03452268389763,126.80390219361882,121.07845680554028,124.74844031349673,8970,1118993.5096120657
2025-08-28 05:02:02.001046,128.28002575157285,129.81233845959233,126.49973863253543,129.35720753728026,9577,1238853.976584533
2025-08-28 06:02:02.001046,125.33225808718136,128.78561822600585,123.77964793003393,124.16127045335465,2205,273775.601349647
2025-08-28 07:02:02.001046,117.2463924652378,117.86681460060788,115.48195539551985,117.05627849391115,6975,816467.5424950303
2025-08-28 08:02:02.001046,119.48830094489071,120.48335353353826,116.69262318114161,118.801675246733,1966,233564.09353507706
2025-08-28 09:02:02.001046,117.14269056977332,120.57101660420497,115.24142600262643,117.27694867169079,9533,1118001.1516872284
2025-08-28 10:02:02.001046,123.31286438288132,123.56100615966572,122.38787166476055,122.5974169377446,9914,1215430.7915208
2025-08-28 11:02:02.001046,122.74261747865008,124.02915772193984,120.78449896058184,123.04941507410257,9477,1166139.30665727
2025-08-28 12:02:02.001046,123.79535457248902,124.88739553221843,122.73341029002623,123.86380778361698,7645,946938.8105057518
2025-08-28 13:02:02.001046,126.75355247516245,128.4295997943564,124.4748901509106,126.9047449524447,5926,752037.5185881873
2025-08-28 14:02:02.001046,126.14677389641766,126.43250906928328,125.21295810043391,125.57230616743301,7305,917305.6965530982
2025-08-28 15:02:02.001046,123.77458824720821,125.29231535911514,120.15561617136065,122.92339683359077,4462,548484.1966714821
2025-08-28 16:02:02.001046,122.70404943412157,123.52115592804617,119.87354234900359,123.12588814827969,9519,1172035.3292834742
2025-08-28 17:02:02.001046,123.19972338090106,123.58450783596338,122.46021489285134,122.40765920661667,8776,1074249.617197268
2025-08-28 18:02:02.001046,126.61030040810984,129.66913550631978,126.56748883903224,126.87161748992912,3538,448871.7826793692
2025-08-28 19:02:02.001046,127.99054441981576,131.68684473083187,127.77709353518141,127.07178182827387,6005,763066.0498787846
2025-08-28 20:02:02.001046,128.57911050136656,128.62926377416107,125.05157551145194,127.82791599179562,5242,670073.9356289926
2025-08-28 21:02:02.001046,127.03654246699186,127.5044570137199,126.56565894492836,127.39967785562587,5177,659548.1322585751
2025-08-28 22:02:02.001046,124.23634071802024,125.65148857969366,122.70933300455145,123.66004222714771,1804,223082.71617777448
2025-08-28 23:02:02.001046,121.64115500006828,123.13519418735913,120.00647005086722,121.48576214467141,8083,981969.415415379
2025-08-29 00:02:02.001046,120.62313468646823,122.67050716944867,120.57018346647953,120.55333117053212,5831,702946.4740553728
2025-08-29 01:02:02.001046,121.17411629285596,122.71986241205138,117.62057376145233,120.61350996175477,3599,434088.0223523554
2025-08-29 02:02:02.001046,118.69743753051212,119.47380105597175,117.43350270807464,118.51156668376719,7809,925456.824233538
2025-08-29 03:02:02.001046,122.35316183760838,124.28275751616005,119.312732085847,121.7959834670561,1074,130808.88624361825
2025-08-29 04:02:02.001046,122.08987041790827,125.07516710432421,120.25152937194653,121.03300043114879,6796,822540.2709300872
2025-08-29 05:02:02.001046,124.2091289415439,126.63649971190232,123.57470027384329,123.47982577933627,9041,1116381.1048709792
2025-08-29 06:02:02.001046,122.43218449763158,123.41102391159676,121.44850768458926,121.82181270251708,7136,869320.4554451619
2025-08-29 07:02:02.001046,120.2473647856648,122.03041862451255,118.70805798877014,121.06049421242228,4028,487631.67068763694
2025-08-29 08:02:02.001046,121.98930410913908,122.16118447725015,118.93816875904923,122.57005521358778,3866,473855.83345573035
2025-08-29 09:02:02.001046,116.76091753356118,117.07735232568822,115.95872072968388,115.75268632259635,4850,561400.5286645923
2025-08-29 10:02:02.001046,113.61535175580299,116.06619135918534,111.21961885017335,113.766243487114,5150,585896.153958637
2025-08-29 11:02:02.001046,110.69072188790737,112.89458909961279,110.48095103522768,111.20559335453112,6408,712605.4422158354
2025-08-29 12:02:02.001046,111.86784546214662,112.41156976578759,111.33601339802352,112.64288345722653,8674,977064.3711079829
2025-08-29 13:02:02.001046,108.7690023128464,110.7165423492738,106.59659347946075,109.35833931516255,2524,276020.44843147026
2025-08-29 14:02:02.001046,106.58496478057879,107.9048923621709,105.64144978375724,106.79448110175746,8970,957946.4954827643
2025-08-29 15:02:02.001046,103.95557232335184,106.51007983010801,103.33001721032916,104.36036798449202,4549,474735.3139614542
2025-08-29 16:02:02.001046,106.41777569365964,109.48930807701728,105.74738699368369,106.82335561511026,8982,959487.3801349204
2025-08-29 17:02:02.001046,105.55330165858335,105.82786230007515,105.42084533145749,106.09878510689332,3708,393414.2951763604
2025-08-29 18:02:02.001046,107.80655789716977,109.86749019318417,107.74373944769144,108.67626318158115,6387,694115.2929407588
2025-08-29 19:02:02.001046,110.69819233058901,111.43281689066566,110.65723845391082,111.68132365440546,9238,1031712.0679193976
2025-08-29 20:02:02.001046,111.91245433038499,115.26765741678715,110.42113106032191,111.85249190165021,1390,155474.9637432938
2025-08-29 21:02:02.001046,110.65699751123788,110.76968831327443,109.65252056921135,110.20850250350136,9007,992647.9820490368
2025-08-29 22:02:02.001046,112.69716354216574,115.55251319275008,110.3951001824851,113.43852036180391,6392,725099.0221526506
2025-08-29 23:02:02.001046,113.25607543413795,115.46513750873632,111.09751854696859,113.39351665136182,8980,1018273.7795292292
2025-08-30 00:02:02.001046,113.89728724201338,115.0586123332532,112.95683769956132,112.90719256801452,8694,981615.1321863183
2025-08-30 01:02:02.001046,111.82610931165793,114.52327783913417,110.27754634981463,112.18765469724497,8564,960775.0748272059
2025-08-30 02:02:02.001046,114.13470515504557,116.24344605701658,111.50832682931662,113.04905762366528,4241,479441.05338196445
2025-08-30 03:02:02.001046,113.68898810560681,117.06671515939694,110.27912857688841,112.97382277276635,4810,543404.0875370061
2025-08-30 04:02:02.001046,112.91896883044801,114.88632397987683,110.45175814406795,112.68926315607764,8069,909289.6644063905
2025-08-30 05:02:02.001046,111.43790748910982,112.8345591698054,109.50342454362574,111.96742098002007,4760,532964.9238648955
2025-08-30 06:02:02.001046,111.29480919570838,112.25385545879965,108.94529159171579,110.70184770534605,8832,977718.7189336163
2025-08-30 07:02:02.001046,108.92001973167832,109.8260131196846,108.62704372848671,107.92906686741652,5494,592962.2933695863
2025-08-30 08:02:02.001046,111.27594829475439,112.00454054499045,111.10890479352982,111.9132145551257,5805,649656.2104925048
2025-08-30 09:02:02.001046,109.67863435586216,112.91085443726439,109.29760741779566,109.89974307488161,2868,315192.4631387605
2025-08-30 10:02:02.001046,109.5718260683408,112.32588894060186,107.04258792087451,110.2964081572562,2389,263498.1190876851
2025-08-30 11:02:02.001046,108.84178954178083,109.59498499479963,106.15294466276045,108.23333391765264,7402,801143.1376584648
2025-08-30 12:02:02.001046,109.24761769844667,111.31166983143883,106.6791756925239,109.2875157296006,2913,318354.53332032653
2025-08-30 13:02:02.001046,110.39829169562647,112.1371691190674,107.94822252267912,110.43195859155145,8312,917910.4398129757
2025-08-30 14:02:02.001046,111.19088806856827,111.93956046360233,108.6017558072367,111.27311244691509,5675,631474.9131362431
2025-08-30 15:02:02.001046,110.4351087373274,112.35696524051518,107.42515624028923,111.26880736550083,8490,944672.1745331021
2025-08-30 16:02:02.001046,110.86603489218035,111.01363083401058,110.37443338550314,109.83591729391964,1954,214619.38239231898
2025-08-30 17:02:02.001046,105.96559888884299,106.86013173862811,103.58979429868636,104.91671353974364,6370,668319.4652481669
2025-08-30 18:02:02.001046,104.84720207727486,105.10212614658089,102.39435379502221,105.23148544979185,5036,529945.7607251517
2025-08-30 19:02:02.001046,109.00836524386348,112.25073840777668,105.93929040049767,109.84316497266951,1317,144663.44826900575
2025-08-30 20:02:02.001046,112.49176504991463,113.66553520084054,111.40514911042884,112.63965114291632,2312,260422.87344242254
2025-08-30 21:02:02.001046,113.41266339174527,116.402096398397,112.72342975904266,113.77207228350368,2704,307639.68345459393
2025-08-30 22:02:02.001046,111.11231727474599,114.21265209834654,108.13173189886261,111.5545237151418,5795,646458.4649292467
2025-08-30 23:02:02.001046,109.89790701991171,110.42081809334314,109.50514539304444,110.71520352867374,6150,680898.5017013435
2025-08-31 00:02:02.001046,110.34515328316171,111.45451552340079,109.49607465990066,109.5964832577548,3403,372956.83252613957
2025-08-31 01:02:02.001046,109.91806933933225,111.75210201485336,109.1155656615039,109.38757908335751,6343,693845.4141257367
2025-08-31 02:02:02.001046,108.8444415294956,110.67251977499717,105.95737708048684,108.57602104024473,5543,601836.8846260766
2025-08-31 03:02:02.001046,107.28420461201947,109.0221616709675,106.57563126183297,106.440909220808,6352,676112.6553705723
2025-08-31 04:02:02.001046,106.23804235856903,108.25429770296071,106.02140632838847,105.39347059147212,8059,849365.9794966738
2025-08-31 05:02:02.001046,105.9816115308854,108.16870865284123,103.0178476103233,105.55972749231869,2040,215341.8440843301
2025-08-31 06:02:02.001046,107.14714020152454,108.6694028361226,104.11890634671971,106.23573466454472,7353,781151.3569883973
2025-08-31 07:02:02.001046,108.3113664895124,111.14328676212048,108.22522311024915,109.32706251396569,9954,1088241.5802640144
2025-08-31 08:02:02.001046,110.12974676336883,110.21097928986782,106.8989481942896,109.74123152543469,4356,478032.80452479346
2025-08-31 09:02:02.001046,108.58718091050605,111.66335899981449,105.6624729952783,109.3564337277006,4342,474825.63524567604
2025-08-31 10:02:02.001046,110.77508485472644,111.50875803242705,107.72560532864013,111.17498136479735,4093,455039.1987261155
2025-08-31 11:02:02.001046,113.37026233432042,113.81694726636269,112.92150085226861,114.42060755278803,1988,227468.1678149426
2025-08-31 12:02:02.001046,114.15837771717014,116.34517030663966,112.09528832948105,113.64287319290864,6626,752997.6777762127
2025-08-31 13:02:02.001046,115.08219996213815,116.49541170111968,114.71658106358772,114.46065160126422,2980,341092.7417717674
2025-08-31 14:02:02.001046,115.27048996517789,117.74277929723783,113.75843030326793,115.20486061973615,4610,531094.4074569837
2025-08-31 15:02:02.001046,114.54139070794703,117.86833735917642,111.74265950412196,115.38584291404311,4380,505389.99196350883
2025-08-31 16:02:02.001046,115.01971095156826,116.8497472236238,111.63075371431833,115.70246295900773,7059,816743.6860276356
2025-08-31 17:02:02.001046,112.95651603483672,113.0667373522944,112.68829349441475,113.22004429728933,8725,987844.8864938495
2025-08-31 18:02:02.001046,116.9293882586441,117.79772912599233,115.38035217691561,116.28753979373192,8099,941812.7847894349
2025-08-31 19:02:02.001046,119.77858207051105,120.00930773368448,118.27645588820253,119.22518922119704,6463,770552.3979365965
2025-08-31 20:02:02.001046,119.93209667124289,120.47028227413949,118.0057422852571,120.36494750239275,2389,287551.8595832163
2025-08-31 21:02:02.001046,120.26659024174594,123.78330507255464,119.2631614409478,120.6441885071915,9920,1196790.3499913397
2025-08-31 22:02:02.001046,121.54209830112123,121.68655895607318,119.64789003062708,120.58174599931112,7731,932217.4783206743
2025-08-31 23:02:02.001046,121.7366108320585,125.33999963623188,118.60492024064187,121.73390378344655,3720,452850.12207442115
2025-09-01 00:02:02.001046,121.19592715391516,122.3829005818905,119.44238561784933,120.19694911896855,2949,354460.80295183824
2025-09-01 01:02:02.001046,120.26158103540146,120.38137278615767,116.93723283343687,120.01365763996255,8014,961789.4523266598
2025-09-01 02:02:02.001046,121.53090894728916,124.52582209693004,118.03513370731798,121.94505093979342,2895,353030.922470702
2025-09-01 03:02:02.001046,119.55793596516119,121.84064457579808,118.50514127625421,118.43788409111859,7917,937672.7283493859
2025-09-01 04:02:02.001046,121.93382288651559,123.02696894761927,121.6967901752163,123.02476592808866,4389,539955.6976583811
2025-09-01 05:02:02.001046,126.7737837677788,129.75330766549737,125.29911810011124,126.73422641110498,1458,184778.50210739108
2025-09-01 06:02:02.001046,127.02453236241652,130.13903837332649,124.93746194864126,127.38929015421678,5904,752106.3690704958
2025-09-01 07:02:02.001046,129.81005729609248,130.44872075680578,127.6238244142993,130.3937522684712,8179,1066490.4998038257
2025-09-01 08:02:02.001046,128.6949355127407,132.0607594092502,125.6804393463545,129.91976448094863,4427,575154.7973571596
2025-09-01 09:02:02.001046,128.66243780902855,131.53526057871872,128.16772859589273,128.4917164796526,1306,167810.18172242632
2025-09-01 10:02:02.001046,125.12209571402092,127.15837762745963,123.22002782770407,124.07489006146083,9946,1234048.8565512896
2025-09-01 11:02:02.001046,127.04882857680693,129.6414946177796,123.51254541808012,125.85622758100277,1352,170157.61968951573
2025-09-01 12:02:02.001046,125.00890624942937,128.6120900260427,122.8184028102398,125.8745811544157,4453,560519.5098806131
2025-09-01 13:02:02.001046,126.76012060612251,130.5159579405955,123.10984436616464,127.69061974041706,5703,728219.6043795985
2025-09-01 14:02:02.001046,126.64494786067245,128.14764780258145,125.14872156553275,126.89247177720422,2394,303780.57743462693
2025-09-01 15:02:02.001046,127.08691191719556,128.16913778143308,124.64360641784457,126.79168178160538,1529,193864.48144407463
2025-09-01 16:02:02.001046,130.28302638850354,130.79725747430282,129.1723308797452,131.3488262821763,1525,200306.96008031885
2025-09-01 17:02:02.001046,133.39002932577787,137.27726192821183,130.1125440768808,134.3354580857216,5648,758726.6672681556
2025-09-01 18:02:02.001046,135.79595360137986,137.61007315378365,133.8193783985611,135.41364282462763,9321,1262190.5647683542
2025-09-01 19:02:02.001046,134.4099180888117,134.79404083324764,133.00717550661403,133.90493480256663,9219,1234469.5939448618
2025-09-01 20:02:02.001046,136.0669454674544,137.394374029517,135.14226087183096,135.06242759790163,8062,1088873.291294283
2025-09-01 21:02:02.001046,131.6973038346801,133.49018960793816,128.6790010073894,130.57391726561292,1269,165698.3010100628
2025-09-01 22:02:02.001046,129.02974172388656,131.62087984226906,125.72305744282536,128.89925094023977,6895,888760.3352329532
2025-09-01 23:02:02.001046,123.86654668552956,126.1598552343774,122.77693187891195,123.04169930434333,7099,873473.0233615333
2025-09-02 00:02:02.001046,126.49804737404241,127.85182461840122,124.72775245685646,127.2109659039281,3203,407456.7237902817
2025-09-02 01:02:02.001046,123.12611135273819,126.31833867249262,121.49397716781422,123.22438036950166,2939,362156.4539059654
2025-09-02 02:02:02.001046,123.0479199530022,125.00869911989054,122.81390382200323,121.9142635703291,7262,885341.3820477299
2025-09-02 03:02:02.001046,121.82350513927834,122.64472168891032,118.82668505873744,120.8210331212802,2229,269310.08282733354
2025-09-02 04:02:02.001046,118.69190759935353,120.40070460131932,117.57371494543582,117.5462453323758,8473,995969.3367012201
2025-09-02 05:02:02.001046,121.3452424259837,124.88766589029696,119.81670092760443,120.74876886728997,7570,914068.1803253851
2025-09-02 06:02:02.001046,125.79214235800723,126.31915327357065,122.13149134979435,125.30892427540579,2969,372042.1961736798
2025-09-02 07:02:02.001046,124.95908775252322,125.71579044963266,123.73486019588482,126.13348336463294,9320,1175564.064958379
2025-09-02 08:02:02.001046,124.31516723830681,125.18995303056339,124.17847090007444,123.70678503229666,6238,771682.9250314666
2025-09-02 09:02:02.001046,124.9040002896531,128.44358313193692,123.71709263866535,124.8969426241109,8705,1087227.8855428854
2025-09-02 10:02:02.001046,125.39927574609736,125.51359120443847,125.13950623891492,125.87460609237475,4072,512561.39600814995
2025-09-02 11:02:02.001046,128.51962025710836,129.35117491765982,127.20442296221192,128.24681013148657,9125,1170252.142449815
2025-09-02 12:02:02.001046,130.82493670649177,133.89560264945183,129.12558459895098,131.4488387606521,4173,548536.0041482012
2025-09-02 13:02:02.001046,130.78533748785682,132.06847175999988,129.48112015028894,131.59057219607791,8761,1152865.0030098385
2025-09-02 14:02:02.001046,130.63205993212972,134.03724828985014,128.18534333784538,130.10135223013575,1454,189167.36614261736
2025-09-02 15:02:02.001046,132.0603551045109,132.08316982702016,129.38449205013123,131.707652362011,5806,764694.6296138358
2025-09-02 16:02:02.001046,126.3878339586019,128.46754471099467,124.85785415497911,126.50331929614693,7059,892986.9309115012
2025-09-02 17:02:02.001046,129.21403472533072,129.27089041388555,127.61331204011506,128.3572019506998,8117,1041875.4082338302
2025-09-02 18:02:02.001046,126.59062089413138,128.0329404257209,126.07160054945025,126.63893239469463,2177,275692.95582325023
2025-09-02 19:02:02.001046,132.34385370822238,132.77629390120757,128.9650827886828,132.41432362684077,9234,1222713.8643702476
2025-09-02 20:02:02.001046,134.21508712442105,137.10657566167492,134.03600539374963,132.92187800662506,1406,186888.16047731484
2025-09-02 21:02:02.001046,134.45172552697164,136.1896300771151,134.03511726837343,133.29888337780082,7542,1005340.1784353738
2025-09-02 22:02:02.001046,133.5766811938712,133.81819073324405,133.31394665551508,133.18028621381129,7012,933860.1669312448
2025-09-02 23:02:02.001046,133.01356280003776,135.4770475026687,131.11047680192362,133.46606439167297,7894,1053581.1123078663
2025-09-03 00:02:02.001046,140.02132007932005,140.3978080289906,138.83520977931303,139.74101197779308,7787,1088163.2602710747
2025-09-03 01:02:02.001046,142.47684345551167,145.9953405162117,140.43578163438895,141.40320251712976,8052,1138578.5866679288
2025-09-03 02:02:02.001046,139.75943221933954,143.0860166568629,136.34327192836943,140.9271292332357,6203,874170.982633761
2025-09-03 03:02:02.001046,138.4030978483221,140.41082431203532,137.59756088481893,138.5421280288948,6495,899831.1215476717
2025-09-03 04:02:02.001046,135.766385846811,135.7769105175053,134.29190263983537,135.80759140742742,4097,556403.7019962302
2025-09-03 05:02:02.001046,135.99357004023238,136.85867208386426,134.40644751604214,135.7515789197738,7295,990307.7682197499
2025-09-03 06:02:02.001046,132.3744509564813,135.47410005261924,129.49453637004322,133.22856882216024,8227,1096071.4356999123
2025-09-03 07:02:02.001046,131.38227346552455,134.02867245183768,130.6315419212073,132.08295125104775,4040,533615.1230542329
2025-09-03 08:02:02.001046,129.06584236023343,129.97666872740055,128.55961885998627,128.99586793442776,9853,1270996.2867579167
2025-09-03 09:02:02.001046,128.35006634482326,128.4410867674436,126.97147689467992,128.62497687756587,8327,1071060.182459491
2025-09-03 10:02:02.001046,125.21276027402261,127.58685238023895,121.67595537330048,124.31567193427647,2343,291271.61934200977
2025-09-03 11:02:02.001046,126.18712540160006,126.70363360656926,125.03306042996735,125.945650609444,7780,979857.1617414743
2025-09-03 12:02:02.001046,128.40507685471212,132.22354591633282,125.04751890722265,127.38839023677481,2241,285477.38252061233
2025-09-03 13:02:02.001046,130.20125108155312,131.51847291905514,129.83222737450714,130.9111674852966,8843,1157647.4540724778
2025-09-03 14:02:02.001046,129.38819693431796,130.26799683055106,126.88452098418657,128.27396748171816,7704,988222.6454791568
2025-09-03 15:02:02.001046,125.67063004422313,128.80685289080878,124.42499262236089,124.58969072277107,5255,654718.824748162
2025-09-03 16:02:02.001046,127.15888691416089,129.64183216713064,125.37722987403914,126.71213642571614,8426,1067676.4615230842
2025-09-03 17:02:02.001046,126.98720991317468,127.71227461236973,123.37698464996306,126.67857111477069,4874,617431.3556133923
2025-09-03 18:02:02.001046,126.01857940269369,126.24595097998873,124.36381739880063,127.17196516773612,4374,556250.1756436778
2025-09-03 19:02:02.001046,131.56406223239836,132.3571318019781,129.73201037020215,130.50280453882894,1632,212980.57700736882
2025-09-03 20:02:02.001046,124.40682872466618,124.8540551085739,124.31040582602681,123.21258874605238,7099,874686.1675082258
2025-09-03 21:02:02.001046,121.9821946372239,125.37452301217098,120.29868347095638,122.81663407496461,1148,140993.49591805937
2025-09-03 22:02:02.001046,122.23551402766805,125.12480216393786,121.7393094415134,122.50073187599779,3785,463665.27015065163
2025-09-03 23:02:02.001046,121.529561177908,121.75964957080213,118.3126093866727,120.86687822435437,3408,411914.3209885997
2025-09-04 00:02:02.001046,116.42814999983874,117.8147447083514,114.49731443382976,116.6623902425116,5406,630676.8816510177
2025-09-04 01:02:02.001046,117.84765989091326,118.41956590377161,117.09205354015523,118.02345886018402,6435,759480.9577652842
2025-09-04 02:02:02.001046,117.11505145975077,120.38465265328738,114.01044761625455,117.85861423866734,2826,333068.44383847393
2025-09-04 03:02:02.001046,118.95227684487755,121.35857603660327,117.2839040464918,119.4790500259266,4138,494404.30900728423
2025-09-04 04:02:02.001046,117.88259377127336,118.16876302043916,115.77124641947262,117.11287823175086,5225,611914.7887608982
2025-09-04 05:02:02.001046,119.43649692939108,120.23772867096368,119.28358078632309,119.61097317743545,6656,796130.6374690104
2025-09-04 06:02:02.001046,117.88335699640149,118.9928551990222,116.49128756195599,117.03270603502112,5917,692482.52160922
2025-09-04 07:02:02.001046,123.1867834146717,126.25166715579894,120.6646502431397,124.30235683393808,8045,1000012.4607290318
2025-09-04 08:02:02.001046,123.37826103504021,123.63059046452196,119.77245204979178,122.47801005881945,8340,1021466.6038905542
2025-09-04 09:02:02.001046,120.04727897523807,122.02636474025972,119.92419027859377,119.88521005460761,9734,1166962.6346715505
2025-09-04 10:02:02.001046,112.95999005202351,113.31806650251521,111.74282237443722,112.31846357044611,5349,600791.4616383163
2025-09-04 11:02:02.001046,112.97725474596278,115.01949881464661,110.82435414363884,112.72070789652267,7488,844052.6607291617
2025-09-04 12:02:02.001046,113.05586591686263,116.39218609725737,110.47541135312326,112.24694976875516,6448,723768.3321089332
2025-09-04 13:02:02.001046,111.49021232739838,114.10810076050976,109.03314891555873,110.7716944506486,9591,1062411.3214761708
2025-09-04 14:02:02.001046,110.80644732799863,114.11966045115187,110.18804852199592,111.06178846026874,4292,476677.1960714735
2025-09-04 15:02:02.001046,109.44310358344674,111.49153648254315,107.89024208177297,109.28131030597827,8870,969325.2224140272
2025-09-04 16:02:02.001046,106.29382440213493,107.46654083806673,104.42559272592116,106.99012951326354,7140,763909.5247247017
2025-09-04 17:02:02.001046,106.50917592409156,108.96731683177487,103.3491485728797,106.3305685529235,8898,946129.3989839132
2025-09-04 18:02:02.001046,109.24283730538042,111.15070303598448,108.19730085405043,108.56486500106291,7356,798603.1469478188
2025-09-04 19:02:02.001046,107.73101697011049,110.42742747238728,106.53293647149556,107.08216658112185,5268,564108.8535493499
2025-09-04 20:02:02.001046,106.82014315293587,107.67209084717942,105.6860020426867,106.81871995607693,6887,735660.5243375018
2025-09-04 21:02:02.001046,105.88906254081121,106.20063871673602,104.26337255337975,105.14794216420204,5719,601341.0812370714
2025-09-04 22:02:02.001046,104.78424371807495,105.96585880851946,102.88076336197315,104.6992569240169,7164,750065.476603657
2025-09-04 23:02:02.001046,108.28354904284573,111.38984301715551,105.46756497925222,107.42193582450479,4191,450205.33304049954
2025-09-05 00:02:02.001046,109.87615420630586,111.318618656502,107.41933643630911,110.62522737081686,4897,541731.7384348902
2025-09-05 01:02:02.001046,108.14540279025707,108.96641597459842,107.43544041039752,108.84863383603287,1775,193206.32505895835
2025-09-05 02:02:02.001046,109.45066184277836,111.46652495816329,106.38599528607118,109.49095724648073,8083,885015.4074233038
2025-09-05 03:02:02.001046,111.24171601816104,112.95112938176067,110.17455570088701,110.2220141574687,4456,491149.29508568055
2025-09-05 04:02:02.001046,108.4529668494423,109.4177717564544,106.33716842744212,109.0487066556878,6510,709907.0803285275
2025-09-05 05:02:02.001046,111.88138055897441,114.5123025835087,109.71594338015413,111.68476230236173,9964,1112826.9715807324
2025-09-05 06:02:02.001046,114.33326403585092,115.24237273399417,110.97510728756843,113.37783049456938,8504,964165.070525818
2025-09-05 07:02:02.001046,115.00809782637126,116.02745408248366,114.21186162268644,115.29484422481478,4009,462217.03049728245
2025-09-05 08:02:02.001046,113.30858222919449,113.54399544695,113.17202222079369,113.25930499434261,7910,895881.10250525
2025-09-05 09:02:02.001046,111.26489479014784,114.49765884848217,110.59301346149873,110.80386210436174,6607,732081.116923518
2025-09-05 10:02:02.001046,110.72236297026203,113.77928732644655,109.13051245785965,110.98034547120629,9714,1078063.075907298
2025-09-05 11:02:02.001046,108.72697078704519,108.86962805056731,105.82659608544071,108.94123158206591,6784,739057.3150527352
2025-09-05 12:02:02.001046,110.81546577282248,112.1075279999448,108.03516270060311,110.31411734042877,1685,185879.28771862248
2025-09-05 13:02:02.001046,105.61581023772172,105.6560970399632,105.59177862904272,105.9779772750848,6341,672006.3539013127
2025-09-05 14:02:02.001046,105.62375285136821,108.01626371359772,103.91435756697848,106.34621626388792,8527,906814.1860821723
2025-09-05 15:02:02.001046,106.94724243441729,108.736940022273,104.31824798958678,105.99296974449113,9789,1037565.1808288237
2025-09-05 16:02:02.001046,104.23674516037845,105.92399268804306,103.38600813610007,103.41941173828002,5558,574805.0904413604
2025-09-05 17:02:02.001046,105.30027993313071,105.59050083893791,105.19012449566968,105.27583790607012,5183,545644.6678671614
2025-09-05 18:02:02.001046,103.22559170407958,105.57351459576577,102.43103475909653,103.45669420206156,2653,274470.6097180693
2025-09-05 19:02:02.001046,99.78892652236861,101.48041466623653,98.85755247035604,100.53399638276763,8295,833929.4999950575
2025-09-05 20:02:02.001046,98.13494428526818,99.77784785988764,97.58073371397691,98.60935227906116,1514,149294.5593504986
2025-09-05 21:02:02.001046,98.15004290647376,101.07042858487398,95.49757166117557,97.95667616397884,9033,884842.6557892208
2025-09-05 22:02:02.001046,98.46734945867684,100.63285708320522,97.33296261268342,97.85296190909509,3159,309117.50667083135
2025-09-05 23:02:02.001046,95.11208486729171,97.34852698901955,93.84013149870779,94.17091200756113,3649,343629.65791559056
2025-09-06 00:02:02.001046,94.75946453805294,94.79082503386799,94.04747646456697,95.24970526236403,3634,346137.4289234309
2025-09-06 01:02:02.001046,95.85803310633973,98.03285438473915,95.4035808255142,95.80112996444896,8378,802621.8668421534
2025-09-06 02:02:02.001046,99.1100317315673,101.74495848923556,97.90003006300464,98.89501390165421,6588,651520.351584098
2025-09-06 03:02:02.001046,98.10457337901501,98.11010613415142,95.68641116622405,97.1805683525485,6891,669671.2965174117
2025-09-06 04:02:02.001046,96.37164895794376,97.53483681074032,96.00812296664809,96.39113475122382,4586,442049.7439691124
2025-09-06 05:02:02.001046,94.11479629296868,94.29790677797762,92.92890408439031,94.23052848238804,4959,467289.1907441623
2025-09-06 06:02:02.001046,97.30419485574315,99.65405905019317,95.17270964789503,97.93676827866126,4390,429942.41274332296
2025-09-06 07:02:02.001046,99.81018181403093,100.04091783955116,96.99119572640666,99.47928774305602,1541,153297.58241204932
2025-09-06 08:02:02.001046,99.64156439558415,100.75793631527542,97.0181318100828,100.11088733667114,2169,217140.5146332397
2025-09-06 09:02:02.001046,102.7268998737427,103.87155079766222,99.83783594994142,103.34606965347571,2019,208655.71463036747
2025-09-06 10:02:02.001046,101.52914057330896,103.47104762365007,99.99452675292115,100.87580556297388,9590,967398.9753489195
2025-09-06 11:02:02.001046,99.78647909183007,101.01356806298959,99.30691211558066,99.55464107756822,4471,445108.80025780754
2025-09-06 12:02:02.001046,100.15949587112343,103.1031235044113,97.65138423974686,100.56063857722678,7397,743847.0435557466
2025-09-06 13:02:02.001046,97.79181896821815,99.51240468457704,96.9048587903482,98.632079375169,3610,356061.80654436006
2025-09-06 14:02:02.001046,100.66974701571428,103.21246419090336,98.21169808485837,101.27908752437693,9895,1002156.5710537097
2025-09-06 15:02:02.001046,100.88421006783824,102.34592806226883,98.26166441311487,100.03799636807304,8462,846521.5252666341
2025-09-06 16:02:02.001046,94.29324907590004,96.3568801091172,93.62993255728452,93.64999593382586,8531,798928.1153114685
2025-09-06 17:02:02.001046,93.34862105413508,93.72767456217518,92.65235726776832,93.64165200223255,7868,736772.5179535657
2025-09-06 18:02:02.001046,91.81306413469049,92.49334054426367,91.55485250836183,91.3531655183706,3014,275338.440872369
2025-09-06 19:02:02.001046,89.72259219815845,90.93314693254207,89.12156896894453,88.94266269815107,6347,564519.0801451649
2025-09-06 20:02:02.001046,84.63029502277638,85.51216806804074,84.37598101759846,83.82093048269878,8927,748269.4464190521
2025-09-06 21:02:02.001046,85.30296063693739,86.70616171203852,83.07140501126524,85.95490662219888,2449,210503.56631776504
2025-09-06 22:02:02.001046,86.79272594969173,88.41859354924077,85.47646513067463,87.6251564430557,4670,409209.4805890701
2025-09-06 23:02:02.001046,88.59846048748777,89.12499484614962,87.44312837952445,88.53454996442726,6976,617617.0205518445
2025-09-07 00:02:02.001046,87.45912857923575,87.69222529177948,86.62937086894597,87.53802638315149,1572,137609.77747431415
2025-09-07 01:02:02.001046,90.39058136770255,92.72303717588134,89.63893207930865,89.60900720547235,5624,503961.0565235765
2025-09-07 02:02:02.001046,87.21129689919499,89.42712331853959,85.71640076897634,86.58504936873506,4137,358202.3492384569
2025-09-07 03:02:02.001046,87.54018510155757,87.7964043077172,87.17773435401573,87.47043704674338,4750,415484.5759720311
2025-09-07 04:02:02.001046,86.22702710888667,87.55277450255355,85.72622989253527,86.1567346252985,2727,234949.415323189
2025-09-07 05:02:02.001046,86.28385045746829,88.33910515602423,84.98248963365509,86.00735812379486,3324,285888.4584034941
2025-09-07 06:02:02.001046,85.17696822390981,87.11070219251292,83.94885056271995,84.6742218572309,2749,232769.43588552775
2025-09-07 07:02:02.001046,83.05977469566004,83.46249784901282,81.20461804409028,83.80172765258703,7823,655580.9154261884
2025-09-07 08:02:02.001046,85.2818501532235,86.66009473353176,83.99702580006422,84.60893149718741,7744,655211.5655142193
2025-09-07 09:02:02.001046,84.47721705578762,85.48430727512638,82.17962590981293,84.37765585422606,3551,299625.05593835673
2025-09-07 10:02:02.001046,86.52191326130426,87.23946118053821,84.73700712048267,86.76880294841867,9078,787687.1931657447
2025-09-07 11:02:02.001046,85.5413621944324,87.88970372389643,84.34300179039512,84.9561819866984,4525,384426.72348981025
2025-09-07 12:02:02.001046,83.86271125326097,86.0192725489201,83.62657881951849,83.48852336212231,5135,428713.56746449805
2025-09-07 13:02:02.001046,85.20832151773622,86.50447072225892,84.18099706901695,84.41312951604753,1612,136073.96477986863
2025-09-07 14:02:02.001046,85.7330120464758,86.53846167870086,85.21499588432428,86.53505445140611,6906,597611.0860414106
2025-09-07 15:02:02.001046,87.51755052947543,89.8343581027792,87.00190640415126,87.52666421086721,8183,716230.6932375263
2025-09-07 16:02:02.001046,87.51075785936936,87.83218635636139,86.78928123048446,87.20098937613248,1923,167687.50257030278
2025-09-07 17:02:02.001046,87.72964181920112,90.05077800959545,86.22285808070542,87.13699897261723,9004,784581.5387494456
2025-09-07 18:02:02.001046,89.2063041157232,91.13143045583752,88.91261391082084,88.4559124333351,7788,688894.6460308138
2025-09-07 19:02:02.001046,93.03715672851403,95.75418796130634,91.18620250358349,92.65847648622207,1645,152423.19381983532
2025-09-07 20:02:02.001046,90.79318247387516,92.07654746458435,90.30735786309178,90.71921362615336,1587,143971.3920247054
2025-09-07 21:02:02.001046,92.78739136005213,93.72048376840533,90.48745616761953,93.18083591761715,4831,450156.61831800843
2025-09-07 22:02:02.001046,93.63487351776486,94.81500643609883,93.36902503171395,94.08370535635264,6433,605240.4765574165
2025-09-07 23:02:02.001046,93.21984558924856,94.93633267549357,91.64118275793926,93.36386974872978,7416,692386.45805658
2025-09-08 00:02:02.001046,93.17149685360285,95.90823703315162,92.14887111528351,92.47506738449478,7049,651856.7499933037
2025-09-08 01:02:02.001046,94.74095131352976,95.6649712244652,93.84942151991554,93.92549917294393,2958,277831.6265535681
2025-09-08 02:02:02.001046,94.80757076039806,97.62831201099534,92.17003610165771,94.00564663423725,7659,719989.2475716231
2025-09-08 03:02:02.001046,92.11319829735692,94.50736728103861,89.94539671472558,91.85597738616761,5628,516965.4407293513
2025-09-08 04:02:02.001046,92.80008754250447,95.22552310914749,92.1488112660005,93.33544631661064,8374,781591.0274552975
2025-09-08 05:02:02.001046,93.67067323196393,94.40211058741313,93.40988011337224,93.9905254439373,3454,324643.27488335944
2025-09-08 06:02:02.001046,93.27745707429308,94.33942904766623,91.11359836888187,93.05659833035016,6661,619850.0014784624
2025-09-08 07:02:02.001046,90.93738703071145,93.12630721570713,89.51622681208781,90.0607507815043,1423,128156.44836208061
2025-09-08 08:02:02.001046,90.65871873781904,91.42035350269327,90.27344187542086,90.28197415775102,3946,356252.6700264855
2025-09-08 09:02:02.001046,90.6259479010885,92.67580326693152,90.0955326527538,89.7523256454721,8230,738661.6400622354
2025-09-08 10:02:02.001046,93.41735452247507,94.91018968725041,92.39468421160471,93.32364235767723,1933,180394.6006773901
2025-09-08 11:02:02.001046,95.08244251168345,95.42544451174304,92.42490992855117,94.63235224398926,1264,119615.29323640243
2025-09-08 12:02:02.001046,94.59559778429312,95.4505488072901,93.45578936823989,94.21198956853597,1040,97980.46915127742
2025-09-08 13:02:02.001046,93.64072615778049,93.77597006138973,93.36793666286718,94.30045105772335,8804,830221.1711121964
2025-09-08 14:02:02.001046,96.00251615267597,96.53628105928948,93.34987781615933,95.50236257025863,3479,332252.7193819298
2025-09-08 15:02:02.001046,95.91197379624772,96.0117326076611,94.71155919920434,96.8623415976601,2492,241380.95526136897
2025-09-08 16:02:02.001046,95.44081317011904,97.8212220979512,94.2925986517712,94.70579101240673,3044,288284.4278417661
2025-09-08 17:02:02.001046,94.77409925272117,96.2674730000419,92.0236952156561,95.47268199351596,5577,532451.1474778386
2025-09-08 18:02:02.001046,95.83467930138293,97.3223584566664,94.19713510726055,95.48382200030169,7317,698655.1255762074
2025-09-08 19:02:02.001046,97.39549613863724,99.65666792928033,96.2323701905138,98.1600961500597,7748,760544.4249706626
2025-09-08 20:02:02.001046,100.97173532989216,102.90919783305495,99.9915815788412,100.22796427687489,1771,177503.72473434542
2025-09-08 21:02:02.001046,99.68367736827794,100.83356246215975,98.15154044917688,99.98716284780106,1193,119284.68527742666
2025-09-08 22:02:02.001046,99.57195404966487,102.51084112238036,97.38821846202731,99.38669427488036,3261,324100.0100303848
2025-09-08 23:02:02.001046,95.90820395542458,96.64015114402227,94.07209824471244,95.8554416970613,9921,950981.8370765451
2025-09-09 00:02:02.001046,95.4810347596125,96.82629123799815,93.9069305105918,95.4294202827533,9333,890642.7794989365
2025-09-09 01:02:02.001046,96.01089431665213,97.77014054229532,93.93902688339344,95.44825622494126,7796,744114.6055296421
2025-09-09 02:02:02.001046,97.6607759062124,97.80579293972563,97.17242438230443,98.33253479663048,5697,560200.4507364038
2025-09-09 03:02:02.001046,98.57073159235031,99.93944126709619,96.91042143397596,98.015797761075,6482,635338.4010872882
2025-09-09 04:02:02.001046,96.87728979583241,99.25525913266861,95.51596856359122,97.61329112937918,1182,115378.91011492618
2025-09-09 05:02:02.001046,99.27996593076291,101.88374940476241,97.77154558328237,99.68157079877933,6002,598288.7879342736
2025-09-09 06:02:02.001046,98.88588887173972,100.0564290506296,97.1706978371663,98.70991367047536,7132,703999.1042978303
2025-09-09 07:02:02.001046,97.42096598966582,98.17551062414579,96.4699654708352,97.02490619841306,7246,703042.4703137011
2025-09-09 08:02:02.001046,98.59807512071394,98.7180455242509,98.21826861279878,98.11828550562615,6443,632176.1135127493
2025-09-09 09:02:02.001046,99.1684915741748,100.31043326534738,97.55076541877521,98.90877528801147,2774,274372.9426489438
2025-09-09 10:02:02.001046,101.91836853092299,102.13547809059561,99.10597196171571,101.6223390709244,6889,700076.2938595982
2025-09-09 11:02:02.001046,100.62453483105554,102.64277917837337,99.65452424694355,100.3466500972274,5658,567761.3462501126
2025-09-09 12:02:02.001046,100.76153140993893,103.4025876579903,99.92714448068965,99.99686910906338,2628,262791.7720186186
2025-09-09 13:02:02.001046,101.5146987862276,101.71704959160687,100.09542423676066,100.78813194453,5008,504746.9647782062
2025-09-09 14:02:02.001046,97.36718644131577,98.78680146202065,96.13218071764398,96.47868958506811,5669,546937.6912577511
2025-09-09 15:02:02.001046,95.23301573482439,96.8290517387635,93.35645112111075,95.66951338174042,6624,633714.8566406486
2025-09-09 16:02:02.001046,95.34693564205689,97.78354918974101,93.64184028262498,94.54147265635811,3120,294969.3946878373
2025-09-09 17:02:02.001046,93.3168050609581,94.17433097254889,92.72606814005889,93.21680587009759,2823,263151.04297128547
2025-09-09 18:02:02.001046,93.75502783002787,96.33320269141618,92.15458793543367,93.41538490024301,2141,200002.33907142028
2025-09-09 19:02:02.001046,93.90174619557806,95.88941853337312,93.02396680949704,93.66615213629797,7583,710270.4316495475
2025-09-09 20:02:02.001046,94.50686302285513,94.63381914950175,93.83181983676246,95.3510823097221,6906,658494.5744309408
2025-09-09 21:02:02.001046,93.38754668285031,93.4588417988355,92.39527332980957,93.64324611409623,6546,612988.689062874
2025-09-09 22:02:02.001046,96.02860241578655,97.74556168289503,93.43945978575002,96.69530881655902,1929,186525.25070714235
2025-09-09 23:02:02.001046,95.7317054799638,98.14909386882819,94.52612218204885,95.84598701239943,2054,196867.65732346845
2025-09-10 00:02:02.001046,94.29404204328738,95.6676885099515,91.54311724062192,94.30432974563935,7218,680688.6521040248
2025-09-10 01:02:02.001046,95.10414559702778,95.49156863610129,92.53434276358072,94.55038092086524,5458,516055.97906608245
2025-09-10 02:02:02.001046,92.47377945577838,92.53856315394886,91.7974640008416,92.39706877319547,5009,462816.91748493613
2025-09-10 03:02:02.001046,91.7284626293156,94.20536002781368,89.29620619855298,92.56487729459218,9036,836416.231233935
2025-09-10 04:02:02.001046,87.70746457317993,90.32515868600332,86.5112604970286,86.98510888365702,5154,448321.2511863683
2025-09-10 05:02:02.001046,84.86150654000501,87.30840869842743,83.30722195494911,84.6671938951066,8151,690122.297439014
2025-09-10 06:02:02.001046,89.12564037136069,89.57573454119442,87.11204463564567,89.72910868286941,2439,218849.2960775185
2025-09-10 07:02:02.001046,86.4888012885327,88.3284537018538,84.35383627837504,86.50168183412575,1382,119545.32429476178
2025-09-10 08:02:02.001046,83.0774265850963,84.52413922029373,80.93202689965146,82.98445255874368,7652,634997.0309795067
2025-09-10 09:02:02.001046,84.22575102208334,86.73697983079829,83.92333365075544,84.43363021221492,7905,667447.8468275589
2025-09-10 10:02:02.001046,87.33620594615343,87.72393716528667,86.94989462840331,87.7045633670947,4730,414842.58472635795
2025-09-10 11:02:02.001046,87.20095202493198,87.54724194914161,86.13626633406501,87.37382021254767,2708,236608.30513557908
2025-09-10 12:02:02.001046,86.42066619960738,88.35439784250173,85.25223065247243,85.65625994100331,2207,189043.3656897943
2025-09-10 13:02:02.001046,85.57225963339127,86.28020125185748,85.25673053201623,86.33221334021091,1882,162477.22550627694
2025-09-10 14:02:02.001046,86.98333157335173,88.24478325200002,86.62725884055806,87.13769484156288,8929,778052.4772403149
2025-09-10 15:02:02.001046,87.08669695898114,88.37057653617806,85.83903409927929,87.19592405355198,3454,301174.72168096853
2025-09-10 16:02:02.001046,87.61528630942517,88.90934344605704,86.50418174294305,88.25588923506672,4802,423804.78010679036
2025-09-10 17:02:02.001046,83.98475386441368,85.01167964749649,83.55018043821855,84.42907989890114,3819,322434.6561339034
2025-09-10 18:02:02.001046,84.24899049078105,86.76666107813573,81.87183336525676,83.41183834677229,3384,282265.6609654774
2025-09-10 19:02:02.001046,85.73140058133421,87.9097553649324,85.45643478800041,84.98117811507892,6442,547448.7494173384
2025-09-10 20:02:02.001046,85.99000110582998,87.60642182748428,85.80009031396933,85.16297695439476,5117,435778.953075638
2025-09-10 21:02:02.001046,80.1547319637772,81.8084572430753,79.48794147934363,80.46337967266102,6929,557530.7577518682
2025-09-10 22:02:02.001046,82.75809320355482,84.79344029814469,81.10311503470791,83.14383064538747,5152,428357.01548503625
2025-09-10 23:02:02.001046,85.31924586884637,87.34999923816802,85.29504770821073,84.80844127991202,3841,325749.22295614204
2025-09-11 00:02:02.001046,83.89995063270024,83.93598216538703,83.24016859913982,84.46064493655103,7144,603386.8474267205
2025-09-11 01:02:02.001046,85.90765359895835,86.08555857555899,83.34502609594846,86.65864289223936,3235,280340.7097563943
2025-09-11 02:02:02.001046,88.71923527800794,90.97072037501235,87.6908128530253,87.9892617745362,5897,518872.67668444
2025-09-11 03:02:02.001046,89.23572442708192,89.44359726600297,87.64967462255109,89.06993603233293,2381,212075.51769298472
2025-09-11 04:02:02.001046,89.90776759459962,91.61266115930434,88.76694770535387,90.26336410079128,3092,279094.32179964666
2025-09-11 05:02:02.001046,86.91308089216548,89.40344105034592,85.66825073291574,86.56467360325425,6776,586562.2283356508
2025-09-11 06:02:02.001046,89.08374234794027,90.97343963469646,86.54545970943471,88.322792290833,3555,313987.5265939113
2025-09-11 07:02:02.001046,88.3282402646923,90.61612037608225,86.74179270455994,87.96170472694827,5727,503756.68297123275
2025-09-11 08:02:02.001046,89.42094514943692,90.28339863344891,88.01642016364414,88.93097023026029,6789,603752.3568932371
2025-09-11 09:02:02.001046,88.58622729871928,91.18795460642016,87.5324757771369,88.33431302145141,8480,749074.9744219079
2025-09-11 10:02:02.001046,87.09461584900554,88.97531465264525,86.74693449531797,87.01439621755276,8651,752761.5416780489
2025-09-11 11:02:02.001046,88.03000818463775,89.68000004128719,85.57866068338598,88.35152409421678,7555,667495.7645318079
2025-09-11 12:02:02.001046,86.99623537490983,87.7530246364891,85.85646880630271,86.33498341540864,8226,710191.5735751515
2025-09-11 13:02:02.001046,84.54940123457627,86.51605281755982,82.70134421572548,84.54381323413475,5945,502612.96967693104
2025-09-11 14:02:02.001046,85.48430833646088,86.18069868232364,83.95186525966761,84.80513251896978,8161,692094.6864873124
2025-09-11 15:02:02.001046,86.18277456416438,88.20725095418011,85.44601194858016,86.34391181287465,7352,634800.4396482544
2025-09-11 16:02:02.001046,84.86147329392507,85.12087543898663,83.23272852750277,84.47177801401335,6793,573816.7880491927
2025-09-11 17:02:02.001046,86.37338602062552,87.18533363995573,85.82646750787421,87.05033250131488,3224,280650.27198423917
2025-09-11 18:02:02.001046,88.10065749780895,89.88506599652085,85.76428800821765,87.29416954109588,2948,257343.21180715066
2025-09-11 19:02:02.001046,86.99800815005094,88.00974836814257,86.03940810106955,87.35271136843991,7318,639247.1417942432
2025-09-11 20:02:02.001046,88.2650993994809,90.02965664251623,88.17519478944058,88.72590992955102,6904,612563.6821536203
2025-09-11 21:02:02.001046,87.27718619881247,89.04745091892363,87.13051419585517,86.87390979632592,8122,705589.8953657591
2025-09-11 22:02:02.001046,86.8678147366996,87.87145103351158,86.51813746583363,86.82606212289596,2519,218714.85048757493
2025-09-11 23:02:02.001046,85.14162962804805,85.67516809373642,83.52915062069587,84.91994339722363,6574,558263.7078933482
2025-09-12 00:02:02.001046,84.1501468124413,86.22574355789646,83.77234968214523,83.66543196084203,5424,453801.3029556072
2025-09-12 01:02:02.001046,86.09585843445392,88.3423486543866,85.39976401982005,86.35020827974867,2772,239362.7773514633
2025-09-12 02:02:02.001046,85.0687605925709,86.73178619587014,84.40164488499799,84.75507352550666,4220,357666.4102776381
2025-09-12 03:02:02.001046,84.04658297553021,85.76666491333471,82.70558816273017,84.17967116893942,1234,103877.71422247124
2025-09-12 04:02:02.001046,83.26360441341166,83.54215167543116,82.05427192299098,82.87658298485762,3100,256917.40725305863
2025-09-12 05:02:02.001046,82.60674858906869,84.31186202077069,80.72799575710405,83.28588956871548,4841,403186.99140215165
2025-09-12 06:02:02.001046,82.92270332724279,83.92844729033862,81.75582585519214,83.08047484034734,8703,723049.3725355428
2025-09-12 07:02:02.001046,78.6958055760606,80.40710056027974,78.40694558546419,77.97441185790721,4923,383868.0295764772
2025-09-12 08:02:02.001046,75.32924055372207,75.82597365361698,73.36657847208298,75.86728652418725,6818,517263.1595219087
2025-09-12 09:02:02.001046,75.36878548351646,76.23382391363874,73.93919107828899,74.88904687025189,5063,379163.2443040853
2025-09-12 10:02:02.001046,73.08231669786949,74.70260988620137,71.37934536032928,73.28966578666575,7155,524387.5587035934
2025-09-12 11:02:02.001046,71.41305690987703,71.41595690638462,69.91295536667954,71.6222382389078,4718,337913.720011167
2025-09-12 12:02:02.001046,72.13189202318777,73.31549684884496,71.76350677641449,72.28502307439607,9835,710923.2019366852
2025-09-12 13:02:02.001046,73.39606862098344,75.37656291602948,72.75782102882722,74.03810577820039,6345,469771.78116268147
2025-09-12 14:02:02.001046,76.51317432027624,77.6007551401224,74.35055496398827,77.21371333717734,9584,740016.2286235077
2025-09-12 15:02:02.001046,77.04761253769435,77.60041092306099,75.96294554484614,77.28023058301235,7683,593744.0115692839
2025-09-12 16:02:02.001046,76.24338331096918,77.90311149411082,75.37360162606507,76.84734544233895,8468,650743.3212057262
2025-09-12 17:02:02.001046,77.81516068446683,78.4600242393665,77.77233119789341,77.85759357314707,6102,475087.03598334343
2025-09-12 18:02:02.001046,78.54022182821078,80.44841979116488,78.41627416520983,78.28471500006941,8605,673639.9725755972
2025-09-12 19:02:02.001046,76.66936155527057,77.75037256901466,76.4166772895595,76.98787882139878,4313,332048.72135669296
2025-09-12 20:02:02.001046,77.6801677318823,78.83910715888906,75.88634060416223,76.97260056016883,2696,207518.13111021515
2025-09-12 21:02:02.001046,77.27815918421888,79.49898074906949,76.18774826250848,76.8792389621377,4644,357027.1857401675
2025-09-12 22:02:02.001046,77.88582523869296,79.66361829396165,76.82702891434467,77.38783563325579,2757,213358.26284088622
2025-09-12 23:02:02.001046,77.67363320667438,78.98058792694093,77.35663525827424,77.64463511739086,1492,115845.79559514717
2025-09-13 00:02:02.001046,76.97806458958554,79.19648075061214,75.12349143980094,77.6730684515795,3743,290730.29521426203
2025-09-13 01:02:02.001046,78.58736321978553,80.26533577919463,78.54290728782615,78.69666217808681,6258,492483.71191046725
2025-09-13 02:02:02.001046,79.99236947677691,80.41495829695283,78.1060463072008,79.21329110197209,1619,128246.31829409281
2025-09-13 03:02:02.001046,79.08567549286228,80.9661630977826,78.86715890963289,79.78748429657121,9436,752874.701822446
2025-09-13 04:02:02.001046,81.46299640167491,83.35234089633417,79.77671222261502,81.02641963259448,8594,696341.0503225169
2025-09-13 05:02:02.001046,80.5114471406338,82.12151621761431,78.48907948111793,80.61624939449725,6973,562137.1070278293
2025-09-13 06:02:02.001046,81.10964405507559,83.14243300908842,80.58507763088434,80.91009087691585,5009,405278.64520247147
2025-09-13 07:02:02.001046,82.61675381996056,84.61133653691859,80.25240294147143,83.12580402450901,5967,496011.67261424527
2025-09-13 08:02:02.001046,83.9064747234583,84.14661323497383,82.46840674038836,83.11636061694354,8618,716296.7957968194
2025-09-13 09:02:02.001046,84.30343429695468,86.56607810609957,81.77545110792002,84.98019376726792,8927,758618.1897604007
2025-09-13 10:02:02.001046,90.92180120620601,92.23530120783224,89.9274175948719,90.1775548056578,8778,791578.5760840642
2025-09-13 11:02:02.001046,87.53822738527883,90.03550549126066,86.42768920869455,87.28808017636489,5369,468649.7024669031
2025-09-13 12:02:02.001046,84.07530440705087,86.21234310842641,83.82871928288566,84.7098301663682,4699,398051.4919517642
2025-09-13 13:02:02.001046,87.43777730221586,87.50996379367123,87.01759373996386,87.8780652861576,2913,255988.80417857706
2025-09-13 14:02:02.001046,85.97030968634274,87.08288752537682,85.24599236738214,86.0791904680699,1660,142891.45617699603
2025-09-13 15:02:02.001046,87.29879666572812,88.65201108380947,86.66704038250258,86.91904003151548,1699,147675.4490135448
2025-09-13 16:02:02.001046,88.44738323429824,90.69177861474098,86.85782922887195,88.91280815965011,9275,824666.2956807548
2025-09-13 17:02:02.001046,88.64215760654125,89.96524778622535,86.5271914729244,88.8037173406247,7696,683433.4086534478
2025-09-13 18:02:02.001046,90.1288481635348,90.21756097247649,89.14475597145564,89.88433623856022,1270,114153.10702297148
2025-09-13 19:02:02.001046,86.96303064936934,89.25754126645671,85.55423580265855,86.25872236111516,4607,397393.93391765753
2025-09-13 20:02:02.001046,88.08482693252846,89.44748001815836,86.6665563625768,87.28396546700995,7771,678283.6956441343
2025-09-13 21:02:02.001046,86.44538042033284,87.54815078800112,83.94945442379306,85.80199650162558,8997,771960.5625251253
2025-09-13 22:02:02.001046,89.95894113292104,90.12445916777124,88.23760267048883,90.36038879802686,7534,680775.1692043344
2025-09-13 23:02:02.001046,91.91056573781002,92.47189585337816,89.18107176675849,91.79564430792446,9575,878943.2942483767
2025-09-14 00:02:02.001046,94.03063613190025,96.42397547509017,92.40191981523635,93.6600254858089,3749,351131.4355462976
2025-09-14 01:02:02.001046,95.19709031494202,97.53330330447587,93.06319119624536,94.76192266759264,8352,791451.5781197337
2025-09-14 02:02:02.001046,96.24663448477592,98.57588057471484,96.20291465153086,96.73604527113615,9501,919089.1661210646
2025-09-14 03:02:02.001046,96.24938772977912,97.95484362653993,95.27057261544458,95.4379203381686,4273,407806.2336049944
2025-09-14 04:02:02.001046,92.10068215377886,93.83705828745737,90.66907139563293,91.84595055653277,6679,613439.1037670823
2025-09-14 05:02:02.001046,92.09043296886792,92.90974289035553,91.30146889758414,92.56747114104128,3800,351756.3903359569
2025-09-14 06:02:02.001046,96.26214899639513,97.32858181211489,96.06844509019697,96.89267823961306,5199,503745.0341677483
2025-09-14 07:02:02.001046,102.91924499958166,103.47561332859163,100.13497578645341,103.54400209085814,1406,145582.86693974654
2025-09-14 08:02:02.001046,103.11962950037965,103.28017222215414,100.46585752906853,102.52853406499781,2363,242274.92599558985
2025-09-14 09:02:02.001046,102.389345895673,105.39506337519164,101.9486741010482,102.801298906516,2903,298432.1707256159
2025-09-14 10:02:02.001046,104.10402069398307,105.65389663837216,102.16930277944526,103.40243316883877,2567,265434.0459444091
2025-09-14 11:02:02.001046,103.58435697163591,104.78770868354893,103.29402724721174,102.581788561036,9234,947240.2355726064
2025-09-14 12:02:02.001046,99.46766448614883,101.57102068013907,98.92196938773026,99.56003078818118,9112,907191.0005419069
2025-09-14 13:02:02.001046,98.84911402368947,100.45264801018219,97.15759595529873,98.47118306731542,1389,136776.47328050112
2025-09-14 14:02:02.001046,99.29941455609276,101.70878571507247,98.33765726307875,99.54772105570646,4093,407448.82228100655
2025-09-14 15:02:02.001046,98.94455038795557,100.9413592471545,98.34103235574335,98.45075355672881,9566,941779.9085236678
2025-09-14 16:02:02.001046,100.83708952932554,103.5781049904989,97.84875244706136,101.18804277248587,8291,838950.0626266804
2025-09-14 17:02:02.001046,101.7167513710624,102.28712126155337,98.72565533168056,101.49436216031735,1139,115602.07850060146
2025-09-14 18:02:02.001046,98.40414466863565,100.56716336982139,96.64623546974967,97.5546279861866,4104,400364.19325530983
2025-09-14 19:02:02.001046,99.72558599592053,100.58050848711713,98.02855633607278,100.09545599439379,7340,734700.6469988504
2025-09-14 20:02:02.001046,100.4252580849636,102.78985661891402,99.62231821696578,99.6543756400381,7358,733256.8959594003
2025-09-14 21:02:02.001046,99.57361902254247,100.82326952679294,98.82962425359902,98.77976415792044,8196,809598.9470383159
2025-09-14 22:02:02.001046,99.61835120074427,102.35207136466383,96.66411119656983,99.51896501304937,1201,119522.2769806723
2025-09-14 23:02:02.001046,99.18439525788301,99.71810058336312,99.09714238457082,98.41731009724403,2988,294070.92257056513
2025-09-15 00:02:02.001046,99.08876674903273,99.69649967941649,97.66100938109463,98.24461412274835,7241,711389.2508628208
2025-09-15 01:02:02.001046,95.7147779249305,97.10179904635373,93.61441405200334,95.30791673403262,7309,696605.5634090444
2025-09-15 02:02:02.001046,95.47485468602748,95.69534278898256,92.82709908192751,96.33684601427007,3600,346812.6456513722
2025-09-15 03:02:02.001046,97.0997098985583,97.3679002277536,95.93173027045965,97.33983510858423,3849,374661.0253329407
2025-09-15 04:02:02.001046,95.57815024821474,97.19435757021148,94.00307912926479,95.90704620667425,5195,498237.1050436727
2025-09-15 05:02:02.001046,98.69805745702604,99.43688456587992,95.74309244673604,98.05470734629783,3642,357115.24415521673
2025-09-15 06:02:02.001046,97.63324790669924,99.35428541731417,96.75788654466717,97.98494607395499,9475,928407.3640507235
2025-09-15 07:02:02.001046,98.52737789807023,100.38211609559485,96.7113612102696,99.38706304425975,8304,825310.1715195329
2025-09-15 08:02:02.001046,100.52416522475139,101.72754599078736,100.04105093193924,99.89798131258212,8967,895785.1984299239
2025-09-15 09:02:02.001046,99.77372617150196,100.41627255183647,98.77098380941665,99.769815825771,2818,281151.3409970227
2025-09-15 10:02:02.001046,98.04501306684003,100.24627366713078,97.79367074575363,97.91563477498188,4676,457853.5082078153
2025-09-15 11:02:02.001046,97.63965385130173,99.14152668098612,95.99457696687708,98.60875140881662,1859,183313.6688689901
2025-09-15 12:02:02.001046,101.70159469955122,102.44001564414795,100.82915587857808,100.87047195059378,9560,964321.7118476765
2025-09-15 13:02:02.001046,103.47367278010934,106.01406392216803,100.5247307722335,104.32530517306115,6119,638366.5423539612
2025-09-15 14:02:02.001046,102.6899733281318,103.52424616622797,100.37193131450263,101.79149006769327,9252,941774.8661062982
2025-09-15 15:02:02.001046,100.38566601432959,101.66489520389894,98.02262070832565,100.58060648547695,2551,256581.1271444517
2025-09-15 16:02:02.001046,101.40109636833003,103.9046401720685,101.19639952084785,101.49084438198155,2993,303762.0972352708
2025-09-15 17:02:02.001046,102.40940033369185,103.98735831213278,100.11550299936262,103.40821886206464,1690,174759.88987688924
2025-09-15 18:02:02.001046,102.5941698451943,103.22887094966141,101.97773923079647,102.25275037824547,5027,514024.57615144
2025-09-15 19:02:02.001046,105.25857003254237,106.42204222575599,104.92809840242084,105.60900327946104,4258,449683.13596394507
2025-09-15 20:02:02.001046,110.13199001516941,110.95263944871056,109.15884446822055,109.9725218312955,6738,740994.852099269
2025-09-15 21:02:02.001046,108.32160796047782,111.36419063307031,105.27995783319312,109.02514215335219,8829,962582.9800719465
2025-09-15 22:02:02.001046,110.04034942510648,110.70421865220854,108.68762118400551,109.83706717344015,5970,655727.2910254376
2025-09-15 23:02:02.001046,112.78701447610425,114.44869111027701,112.54038523936129,111.89688405967138,4074,455867.9056591012
2025-09-16 00:02:02.001046,115.81153881536243,116.71569084142475,112.8913239815233,115.02509187283054,1644,189101.2510389334
2025-09-16 01:02:02.001046,112.68260669506391,115.34142846321828,112.4883350329042,113.23875539534606,3668,415359.7547901294
2025-09-16 02:02:02.001046,112.76557935892853,115.49172512674478,109.40955529962176,113.72309682658461,3330,378697.91243252676
2025-09-16 03:02:02.001046,116.60693745733406,118.40853443989239,114.98220803951536,116.27317569448427,4927,572877.936646724
2025-09-16 04:02:02.001046,114.71960176833042,117.86448515977969,114.55721049456288,114.32208123669628,7121,814087.5404865142
2025-09-16 05:02:02.001046,116.62117883250075,117.92798973293372,114.07241861045307,115.99558455484721,8024,930748.5704680941
2025-09-16 06:02:02.001046,115.46246970526606,117.37927783223356,113.74138315019961,114.75552318038606,1086,124624.49817389926
2025-09-16 07:02:02.001046,112.80145136433228,115.63696978814065,112.32350353611628,113.36174937929874,7968,903266.4190542523
2025-09-16 08:02:02.001046,108.09806769298524,110.43924232815128,106.10302148608186,108.07509998621907,6164,666174.9163150544
2025-09-16 09:02:02.001046,105.77158791604958,106.29606000545903,102.60476161773204,106.23431665045993,9837,1045026.9728905744
2025-09-16 10:02:02.001046,104.79738234974185,106.49940589058733,102.73883674284966,104.6175519815798,8081,845414.4375631463
2025-09-16 11:02:02.001046,106.63299863235795,109.45342806054153,103.8226712095382,106.92013838541556,9306,994998.8078146771
2025-09-16 12:02:02.001046,107.14627336494307,109.0998264185804,104.720542747726,106.1985263455793,1146,121703.51119203387
2025-09-16 13:02:02.001046,102.9547562421379,103.99153277185992,102.18071289682364,103.10283031050338,6628,683365.5592980164
2025-09-16 14:02:02.001046,106.19198609998054,108.9682749746622,105.16928875782757,106.00480093477047,6097,646311.2712992956
2025-09-16 15:02:02.001046,104.93806141040885,105.47857818532647,103.36434544878296,104.75328247380884,7901,827655.6848255636
2025-09-16 16:02:02.001046,104.00147567229698,106.9502737815805,103.05493932813329,103.99253934598217,5390,560519.7870748439
2025-09-16 17:02:02.001046,104.11031807604574,104.55645774778857,103.14856875947704,103.49867435879206,6126,634032.8791219601
2025-09-16 18:02:02.001046,104.61090352415302,107.30141929041105,103.58544396788731,104.41866855451119,4700,490767.7422062026
2025-09-16 19:02:02.001046,107.20529024292925,107.9189573420321,106.28753129452639,108.02340266158963,4893,528558.509223158
2025-09-16 20:02:02.001046,108.6297086480644,111.35452532291116,108.04763274508686,109.37561707962548,7773,850176.6715599289
2025-09-16 21:02:02.001046,113.22262109297972,115.91128992633101,111.35884353102044,112.50579100796692,6057,681447.5761352556
2025-09-16 22:02:02.001046,111.57198938216351,111.61673315260396,109.59629235283462,111.90173868515735,7801,872945.4634829125
2025-09-16 23:02:02.001046,106.24014583822178,109.11428396739795,103.70145067818655,105.3200501060171,3581,377151.09942964726
2025-09-17 00:02:02.001046,102.50135050287294,104.78635634325205,102.03372258423033,102.59480135860309,5780,592997.9518527258
2025-09-17 01:02:02.001046,102.41587879763122,103.7999635609311,100.92071412561083,103.41795212153094,1531,158332.88469806386
2025-09-17 02:02:02.001046,101.18852621388787,102.2525859020515,99.28375321559216,100.31570166734146,6626,664691.8392478045
2025-09-17 03:02:02.001046,98.93391774818328,100.0305466063103,96.1004086302515,98.6370070479778,7239,714033.2940203113
2025-09-17 04:02:02.001046,98.2247947983471,98.24045225006277,97.64869058947374,98.76072808545646,6167,609057.41010301
2025-09-17 05:02:02.001046,102.92869861437256,103.13392812320461,102.207729551443,103.10102922720314,2892,298168.1765250715
2025-09-17 06:02:02.001046,98.63576162201181,100.64045480950516,97.92115109482896,97.67826139490376,6330,618303.3946297407
2025-09-17 07:02:02.001046,98.27338827060495,100.10267010630929,97.51349869230809,97.6245500292474,3942,384835.9762152933
2025-09-17 08:02:02.001046,98.20361111212831,100.87935063128678,97.49276030909631,98.39443114986734,9995,983452.3393429241
2025-09-17 09:02:02.001046,99.30592723881976,101.84592942382034,97.9404104155532,99.81887669708148,3891,388395.249228344
2025-09-17 10:02:02.001046,103.43093524570659,104.2716509462523,100.95558735980559,103.04581389884605,8404,865997.0200059022
2025-09-17 11:02:02.001046,102.59643956368586,103.25791770500118,100.82619189149219,103.43329515251376,4278,442487.6366624539
2025-09-17 12:02:02.001046,107.7307003170721,108.16264843906627,105.93329714388376,107.62464220888948,8485,913195.0891424273
2025-09-17 13:02:02.001046,110.6839436592464,113.32787797477273,108.2664271526294,111.10976454196705,5334,592659.4840668523
2025-09-17 14:02:02.001046,114.04275270888395,114.8126845598829,112.43038577296917,114.7861237588617,1922,220618.9298645322
2025-09-17 15:02:02.001046,116.45549450145525,118.53528458781275,113.88637575410154,116.83273797265223,2230,260537.00567901446
2025-09-17 16:02:02.001046,118.49790471115381,119.1652460634099,115.25717050058934,118.9694050975637,1203,143120.19433236914
2025-09-17 17:02:02.001046,120.77666093015678,121.32235924462861,117.94045373575285,120.68967789651157,3581,432189.7365474079
2025-09-17 18:02:02.001046,121.53366092821358,121.67577991442684,120.31898324274134,121.10349823711982,3103,375784.1550297828
2025-09-17 19:02:02.001046,117.31343644385812,118.0210657619407,115.60371408133742,117.86769288379247,5172,609611.7075949747
2025-09-17 20:02:02.001046,118.65754322119918,119.54394616721879,117.1507196191102,117.63057621935647,3735,439350.2021792964
2025-09-17 21:02:02.001046,118.37436836772831,121.3100008225819,118.03023180512373,119.40084243066453,7623,910192.6218489556
2025-09-17 22:02:02.001046,125.25019370057738,126.39258921602593,122.68796719731031,126.40539982346826,3964,501071.0049002282
2025-09-17 23:02:02.001046,123.4315781533676,126.33371962904889,121.82516809590281,122.96939598823134,7644,939978.0629340403
2025-09-18 00:02:02.001046,124.49930740763814,127.34649187119997,120.90976086869223,125.33873061120688,2258,283014.85372010514
2025-09-18 01:02:02.001046,128.670066917957,128.69070364420355,128.43233768698704,128.45085203218454,1067,137057.0591183409
2025-09-18 02:02:02.001046,132.9948568843877,134.54782641071844,129.9181889591763,133.25247291450114,7039,937964.1568451736
2025-09-18 03:02:02.001046,131.9408861059271,133.44155928172754,129.45308506021894,132.25365740902322,4262,563665.0878772569
2025-09-18 04:02:02.001046,133.9081718683146,136.29103385052184,130.10523869475375,133.7870233844739,3961,529930.3996259011
2025-09-18 05:02:02.001046,136.15567308678033,137.63608550713502,135.59869326484485,135.0938311667634,4716,637102.5077824562
2025-09-18 06:02:02.001046,135.51923603460753,139.4801149685537,131.737438895212,135.66746076760512,7982,1082897.671847024
2025-09-18 07:02:02.001046,134.34780467211067,136.7632523812712,131.0402531190606,134.89900454930503,8086,1090793.3507856806
2025-09-18 08:02:02.001046,136.61862145538936,136.86701422375262,135.32919582093376,135.32065225781528,8226,1113147.6854727885
2025-09-18 09:02:02.001046,135.13964048324172,137.97611168043923,134.48349012842064,135.9580757005733,8389,1140552.2970521094
2025-09-18 10:02:02.001046,136.61949697341697,140.52764153586608,136.13428862153532,136.85038336461244,3789,518526.10256851657
2025-09-18 11:02:02.001046,138.8147084266769,141.4906851352345,134.9774166457059,139.48258686501714,7055,984049.6503326959
2025-09-18 12:02:02.001046,144.02455707392252,144.3120053530952,140.70102329590878,145.2218972567108,3387,491866.5660084795
2025-09-18 13:02:02.001046,147.41743506700388,151.31355849264392,146.8996231440091,147.88635639542133,3566,527362.7469060725
2025-09-18 14:02:02.001046,149.1930092449906,152.2520050169291,146.39761463600993,150.088386411511,4327,649432.4480026081
2025-09-18 15:02:02.001046,150.09277449821104,153.7068898403659,150.08033736020374,148.68198048216865,2257,335575.22994825465
2025-09-18 16:02:02.001046,151.2581038008922,154.06692851124387,150.9893482493917,152.0927809062768,7419,1128376.3415436675
2025-09-18 17:02:02.001046,156.98299247410267,158.61957352525417,154.32398462430592,156.65634725148962,4856,760723.2222532335
2025-09-18 18:02:02.001046,156.01136352170994,156.34383101863096,152.31760619187236,155.1669232389101,5145,798333.8200641925
2025-09-18 19:02:02.001046,152.85003793912128,154.08153006365032,148.7275720246911,151.83355794618004,7628,1158186.3800134612
2025-09-18 20:02:02.001046,152.84683152385298,153.6081088150817,148.78614142952824,151.34497734848026,2942,445256.92335922894
2025-09-18 21:02:02.001046,151.4071661465278,155.03318546883264,148.3468665973763,150.79967024914478,1861,280638.18633365846
2025-09-18 22:02:02.001046,146.5321123513567,147.8617990839356,146.4238541797559,145.56533865668035,6457,939915.3917061851
2025-09-18 23:02:02.001046,141.78094763700733,143.23836424432287,141.2052840476123,140.80244730917477,8542,1202734.5049149708
2025-09-19 00:02:02.001046,143.19909987244674,143.86918945081715,140.9587332704828,144.00260728272752,4199,604666.9479801729
2025-09-19 01:02:02.001046,148.32433107361624,148.96544276033543,146.65122588011883,147.65283840155814,6462,954132.6417508688
2025-09-19 02:02:02.001046,147.41482276639573,148.77014050117296,146.62931349820295,146.10866471756722,7327,1070538.186385615
2025-09-19 03:02:02.001046,143.674330555102,145.24243375431445,140.1861734960464,143.23486631865134,1529,219006.1106012179
2025-09-19 04:02:02.001046,146.47046629025388,150.25908443791064,143.455557012407,146.58185035793923,5774,846363.6039667411
2025-09-19 05:02:02.001046,148.58032001189682,151.08785896678202,147.53354340702,149.88907254709943,8124,1217698.8253726359
2025-09-19 06:02:02.001046,154.99338449645293,157.28373291768276,152.59027808142645,156.0418540505155,1226,191307.313065932
2025-09-19 07:02:02.001046,155.8085896789632,159.54667728682125,151.7103528033403,156.42724521340156,1186,185522.71282309425
2025-09-19 08:02:02.001046,154.88937405553344,155.80207153750032,154.6637536387274,153.8841160813198,6074,934692.1210779365
2025-09-19 09:02:02.001046,154.94574721451218,158.36806403981993,152.68151132342138,156.09112502699386,5405,843672.5307709018
2025-09-19 10:02:02.001046,157.01401220767514,158.76710468895635,155.42032277687,155.88735358886242,2445,381144.57952476863
2025-09-19 11:02:02.001046,151.15884572147297,155.03472532998043,147.37368743286083,152.22983876045728,2666,405844.75013537914
2025-09-19 12:02:02.001046,153.57550793021517,154.89183847490602,153.23974786372915,155.01889202661053,9263,1435939.9968424933
2025-09-19 13:02:02.001046,153.68453443270232,155.39582486065453,152.69623423760538,152.9247133118528,5482,838333.2783755771
2025-09-19 14:02:02.001046,151.99247175173718,155.31866179463884,150.04646590487965,151.49895007414204,1307,198009.12774690366
2025-09-19 15:02:02.001046,153.73784843527523,156.84072996497002,150.142708513159,152.87140508841082,4558,696787.8643929765
2025-09-19 16:02:02.001046,157.43901372277932,160.3838057642286,155.55107494414403,156.0331288707702,3547,553449.5081046219
2025-09-19 17:02:02.001046,157.6805349118448,161.2296041213624,153.66937184781168,157.54910375387212,1910,300918.78816989576
2025-09-19 18:02:02.001046,155.5441668008813,156.65048110430808,155.30386479718658,156.92747001719042,9519,1493792.5870936355
2025-09-19 19:02:02.001046,154.01510344366923,154.97403660642476,150.49499578533172,155.27320523882264,9102,1413296.7140837638
2025-09-19 20:02:02.001046,157.95797183730173,161.56142429757588,155.64983702792927,158.60270342977856,7751,1229329.5542842136
2025-09-19 21:02:02.001046,163.4206937902107,165.26312328279295,161.98972582292808,163.34123151724663,2647,432364.2398261518
2025-09-19 22:02:02.001046,163.8026938216964,166.82548812976262,163.36340309172033,163.8349760878826,7622,1248750.1877418412
2025-09-19 23:02:02.001046,156.85374992242546,157.43442634067992,155.09536771027788,156.15879598471957,2848,444740.2509644813
2025-09-20 00:02:02.001046,159.90547674598147,160.67628311388228,155.22810560968102,159.74249714378755,4871,778105.7035873891
2025-09-20 01:02:02.001046,159.04392910971032,159.28065505599406,157.72989999341135,157.80845360210003,6048,954425.527385501
2025-09-20 02:02:02.001046,160.5892644530231,161.55203533589884,156.03908824475897,160.8091590068679,7416,1192560.7231949323
2025-09-20 03:02:02.001046,165.81354187430125,166.86205443466824,163.60717484964783,166.99577054963893,9615,1605664.3338347783
2025-09-20 04:02:02.001046,166.40940182245143,166.7397171073137,161.51274935454396,167.4972485746919,5917,991081.2198164519
2025-09-20 05:02:02.001046,169.73720537555585,170.183013342549,166.0851454222009,169.46081306911685,7999,1355517.0437398658
2025-09-20 06:02:02.001046,171.1737374512013,172.53711782138632,169.1785206771324,171.78482758535273,2051,352330.68137755845
2025-09-20 07:02:02.001046,172.45769242517557,176.84558127303387,172.1843200597952,173.78511693549302,7320,1272107.055967809
2025-09-20 08:02:02.001046,176.8299948211081,182.0824230848843,173.17958414680214,176.26403933117467,9039,1593250.6515144878
2025-09-20 09:02:02.001046,181.45561696942346,183.16037362942774,180.63653111658053,179.96401447199304,3863,695200.9879053091
2025-09-20 10:02:02.001046,178.27798975497106,183.24462145013987,173.26022270596764,176.82452684310942,1183,209183.41525539846
2025-09-20 11:02:02.001046,172.74095981282377,175.8254889006234,168.3385127540028,174.35807908077405,9728,1696155.3932977698
2025-09-20 12:02:02.001046,175.27972829167143,176.71548285872248,170.95308404589818,174.55851088161532,6314,1102162.4377065192
2025-09-20 13:02:02.001046,177.0903056824546,181.11228214390377,172.07301247694173,175.34376303426907,7305,1280886.1889653355
2025-09-20 14:02:02.001046,173.99820859407853,177.9521322915425,170.31852414158527,173.29823863135033,7511,1301643.0703600724
2025-09-20 15:02:02.001046,176.60481690967657,178.04396875704316,172.3165508425252,175.4909083670881,8545,1499569.811996768
2025-09-20 16:02:02.001046,179.0659154513798,183.48433817125027,174.62513296188305,179.0151231498755,3341,598089.5264437341
2025-09-20 17:02:02.001046,180.0575078337407,183.74231178069155,179.78687960742303,178.75061247884204,1974,352853.7090332342
2025-09-20 18:02:02.001046,174.42829969944597,175.03836132350048,172.0562266567687,175.83214412290582,8279,1455714.3211935372
2025-09-20 19:02:02.001046,174.99399388562122,176.13797534040552,169.8238499664357,175.2789439751493,5059,886736.1775702803
2025-09-20 20:02:02.001046,175.51316881845247,179.19731261232815,172.41109865751267,175.7258199033363,8347,1466783.418733148
2025-09-20 21:02:02.001046,179.51068283228034,179.56890398244565,178.57660477902786,180.59126785325526,3052,551164.549488135
2025-09-20 22:02:02.001046,177.94906385053042,181.07248868262204,173.81855600667524,179.35734549290822,8616,1545342.8887668971
2025-09-20 23:02:02.001046,178.4664487659255,182.2126658653936,176.41556959258753,179.76377752876857,7251,1303467.150861101
2025-09-21 00:02:02.001046,173.4924279416299,178.37614815981598,172.54901201138128,175.17033291625006,3504,613796.8465385402
2025-09-21 01:02:02.001046,177.2101720957199,177.37911621617698,176.05148747511294,176.2889299195017,7686,1354956.7153612901
2025-09-21 02:02:02.001046,176.7455198381479,179.17362678325398,172.6442547194535,177.14839465889924,4904,868735.7274072418
2025-09-21 03:02:02.001046,176.07971549403922,176.80807946400998,174.43563739608854,177.48040697465154,6454,1145458.546614401
2025-09-21 04:02:02.001046,177.14803519695187,179.01244267479916,173.7603968090988,178.23116974801775,5624,1002372.0986628518
2025-09-21 05:02:02.001046,182.95713549480664,186.0160538880207,178.32485738228354,184.18145153979282,5591,1029758.4955589817
2025-09-21 06:02:02.001046,188.72637651461315,189.97898384036563,185.2216782960685,189.89046246656753,4580,869698.3180968793
2025-09-21 07:02:02.001046,189.6448675230386,191.8330530195952,186.56763693453286,188.8987510996426,8984,1697066.3798791892
2025-09-21 08:02:02.001046,195.83766197855735,201.34329872232524,191.7944101642407,194.85758128518887,3618,704994.7290898133
2025-09-21 09:02:02.001046,189.27965680136404,193.00700633551574,189.1158404107932,189.5150783376676,5621,1065264.2553360297
2025-09-21 10:02:02.001046,187.84748622145958,189.19515600171388,185.09909160540937,188.87528285366832,2003,378317.19155589765
2025-09-21 11:02:02.001046,190.95177551602808,194.9235828750277,188.93667611729737,189.92628846709192,9095,1727379.593608201
2025-09-21 12:02:02.001046,187.50728678721936,192.56582288773745,187.2949991746116,187.29771081717445,8331,1560377.2288178804
2025-09-21 13:02:02.001046,180.33877726973648,182.57410806637748,178.58492635056814,180.9092242562769,8023,1451434.7062081096
2025-09-21 14:02:02.001046,178.3562123687576,181.33294905502856,173.16152625418908,179.80891995288928,5524,993264.4738197604
2025-09-21 15:02:02.001046,176.4210087065604,177.58585669791665,173.87142262048778,177.1623818869877,1757,311274.3049754374
2025-09-21 16:02:02.001046,174.05520013878646,178.42310750479592,169.09574662335498,173.93201489908182,5198,904098.6134454273
2025-09-21 17:02:02.001046,170.05408268459362,173.29572685201683,168.16556741342697,169.7248941448427,9849,1671620.4824325556
2025-09-21 18:02:02.001046,165.7661020831832,170.20993282633736,164.0656153096203,164.13515958529754,2657,436107.1190181356
2025-09-21 19:02:02.001046,157.18947972596231,158.30777818277014,152.98126986558952,158.03241830315352,3053,482472.97307952767
2025-09-21 20:02:02.001046,160.1016208844987,162.42639523050462,157.76779766721745,159.48833011281215,3671,585481.6598441334
2025-09-21 21:02:02.001046,157.97872507240885,162.17000404781538,155.89058799888647,159.01660780429256,5906,939152.0856921519
2025-09-21 22:02:02.001046,163.81138329129988,165.51079255123526,162.19502274394827,164.81204164830154,8701,1434029.5743818718
2025-09-21 23:02:02.001046,162.53054126422595,163.17613506914972,159.51845498870014,162.91848038817022,1972,321275.2433254717
2025-09-22 00:02:02.001046,168.29309880282167,171.76689837034723,163.85211779949057,169.76912952638213,2814,477730.3304872393
2025-09-22 01:02:02.001046,173.40426198297052,173.74600077231017,172.81704223830178,173.12629043447697,3931,680559.447697929
2025-09-22 02:02:02.001046,165.3420376673373,166.1367984878952,161.2296657299508,165.0713555169602,4096,676132.272197469
2025-09-22 03:02:02.001046,169.23550529316955,173.28299785396487,167.8354159687205,169.87997346433616,7782,1322005.953499464
2025-09-22 04:02:02.001046,166.03161769480172,167.19622738228912,161.16875626464295,167.14385422287762,5780,966091.4774082326
2025-09-22 05:02:02.001046,168.29499323293106,169.83288477504365,164.58164399921228,167.55413394091696,7401,1240068.1452967264
2025-09-22 06:02:02.001046,167.08700239629863,167.3407531106585,162.27184822672845,167.3341236252802,2553,427204.01761534036
2025-09-22 07:02:02.001046,169.8095078638907,174.18017581661886,168.43994669296274,171.32677631325208,5586,957031.3724858261
2025-09-22 08:02:02.001046,171.02101231365606,174.03963008654185,167.93075367837753,172.64160884019543,7785,1344014.9248209214
2025-09-22 09:02:02.001046,172.511883708307,172.8321642774523,170.10724715736634,172.73984659207665,2902,501291.03481020645
2025-09-22 10:02:02.001046,167.89995479556774,168.36938352341872,164.93062290969684,166.7694395642243,1464,244150.4595220244
2025-09-22 11:02:02.001046,166.97103976825684,168.1034994949511,166.05589810886005,168.40832120286262,5815,979294.3877946462
2025-09-22 12:02:02.001046,163.5519492184963,164.9245391679357,160.2743597867355,164.08446217794648,8347,1369613.0057993194
2025-09-22 13:02:02.001046,166.89795532945888,169.36404976851784,164.1046194733196,166.34519323682395,6555,1090392.741667381
2025-09-22 14:02:02.001046,167.18412976968148,171.22379486155305,165.9812111825474,166.02688090474197,5933,985037.4844078341
2025-09-22 15:02:02.001046,162.0884934042154,163.77368902185634,159.2084196522169,160.87466317946806,8108,1304371.769059127
2025-09-22 16:02:02.001046,161.8842029240567,163.5234381500745,160.92674467738078,161.0635144633985,2909,468533.76357402623
2025-09-22 17:02:02.001046,164.96347603813516,166.2493406223496,164.3997270943606,166.2689638109263,1931,321065.3691188987
2025-09-22 18:02:02.001046,169.13688199818014,173.14806722606897,164.77877049260582,169.29107435727556,4121,697648.5174263326
2025-09-22 19:02:02.001046,170.44397397422844,172.47392162712634,166.12995332561854,171.255120075936,4748,813119.310120544
2025-09-22 20:02:02.001046,172.0973418883212,172.70284993910298,167.8072741122032,171.58726259876252,6308,1082372.4524729939
2025-09-22 21:02:02.001046,161.4530611433762,164.54279745404642,161.38125273947352,162.31846710206383,5282,857366.1432331012
2025-09-22 22:02:02.001046,157.33515950367533,158.8941212289671,155.27830980481835,158.438313489339,8469,1341814.0769412122
2025-09-22 23:02:02.001046,152.48100110703137,152.5886488562356,149.87185080538424,151.80684623769213,6002,911144.6911186281
2025-09-23 00:02:02.001046,156.26870004334697,156.34464849431967,155.41725639568315,154.83146198952335,8392,1299345.62901608
2025-09-23 01:02:02.001046,155.74629076333213,158.04619148183735,151.98505980149775,156.22004936811024,6300,984186.3110190945
2025-09-23 02:02:02.001046,153.80595143441136,157.79981081050047,149.66630697342188,152.65534509641193,8498,1297265.1226293086
2025-09-23 03:02:02.001046,155.19000944713397,159.13286253792756,152.04428953777492,155.73777974224134,3229,502877.2907876973
2025-09-23 04:02:02.001046,160.7938478311401,163.56927429111124,158.03975007579754,160.07324278749638,5873,940110.1548909663
2025-09-23 05:02:02.001046,163.0099950382331,166.395815198561,159.2607626549558,163.4185964458814,2384,389589.9339269813
2025-09-23 06:02:02.001046,159.326024631681,162.43491470813638,155.56115373325184,158.12154350898018,7897,1248685.8290904164
2025-09-23 07:02:02.001046,160.54336308502675,160.76008131530486,159.26295555666553,160.03385832026547,6593,1055103.2279055102
2025-09-23 08:02:02.001046,154.9309275160701,155.51836248553255,150.41241616338723,155.31122804270598,4809,746891.695657373
2025-09-23 09:02:02.001046,160.57182580579376,164.6279455695501,158.07997654301053,161.46285642469928,2409,388964.02112710057
2025-09-23 10:02:02.001046,162.170420891789,162.4157041736413,161.63712826709178,162.4197780272951,3172,515195.5359025801
2025-09-23 11:02:02.001046,162.6703748072771,162.79083624050287,159.56054148724738,162.82229699179888,8825,1436906.7709526252
2025-09-23 12:02:02.001046,163.68059543117985,167.9183304668632,159.5101160961342,164.83157878185855,8189,1349805.7986446398
2025-09-23 13:02:02.001046,163.75340698977686,166.33483358282166,162.26897966415268,165.06429922787837,3776,623282.7938844687
2025-09-23 14:02:02.001046,167.94849967448258,171.04455860661417,165.83837166719638,167.12096889799147,9044,1511442.042713435
2025-09-23 15:02:02.001046,165.45890417994553,166.80882328148851,161.5766991216461,165.99444364217308,6874,1141045.8055962978
2025-09-23 16:02:02.001046,165.20394345415278,168.81585370909553,161.85128014962675,165.7493014596452,3364,557580.6501102465
2025-09-23 17:02:02.001046,165.9017999240943,167.6075902466385,161.59453927456056,164.5560672262278,9872,1624497.4956573208
2025-09-23 18:02:02.001046,164.28160869973334,165.8501467041406,163.76049980567797,164.7577063474672,7911,1303398.2149148132
2025-09-23 19:02:02.001046,154.25337620625706,157.86207633209807,150.17284356863493,152.71093721390676,8454,1291018.2632063678
2025-09-23 20:02:02.001046,154.4944635050784,155.181426823752,150.28649202851258,155.4686324576321,7394,1149535.068391732
2025-09-23 21:02:02.001046,149.54698075015978,153.2420163568642,149.0929017850058,149.70583544842916,8774,1313519.0002245174
2025-09-23 22:02:02.001046,153.9522125919423,155.74757103239367,150.44348366635668,152.7050927508391,8754,1336780.3819408454
2025-09-23 23:02:02.001046,147.85267929807867,151.5329817638947,147.74974887351166,147.5709462064239,3575,527566.1326879655
2025-09-24 00:02:02.001046,145.9124074166336,147.2507625231603,143.2978192763132,146.41582641650493,8493,1243509.6137553763
2025-09-24 01:02:02.001046,149.38702927200936,152.0414935397105,148.01858629863023,148.9827003589945,6594,982391.9261672096
2025-09-24 02:02:02.001046,149.5475350634364,150.6993957739372,148.66862477199993,149.32601840063805,8954,1337065.1687593132
2025-09-24 03:02:02.001046,146.36110498260146,149.56750733136738,144.6889560048207,145.44383048922896,7331,1066248.7213165376
2025-09-24 04:02:02.001046,143.2499380601016,145.36454131388834,142.37543380174148,142.48366930652261,5039,717975.2096355675
2025-09-24 05:02:02.001046,145.47072621248157,146.01864078585226,145.31134825561475,144.33036536067263,1298,187340.81423815308
2025-09-24 06:02:02.001046,146.99012626757766,149.86481598386675,146.25113568645358,148.38792307695178,6326,938702.0013847969
2025-09-24 07:02:02.001046,146.15048982090516,148.537177979683,142.7908150636969,146.55320498721292,3657,535945.0706382376
2025-09-24 08:02:02.001046,152.3299344965825,153.48297427627944,149.1665181169828,152.67614358295654,6696,1022319.457431477
2025-09-24 09:02:02.001046,152.61669546504316,157.09003584021303,150.53243471298924,151.50469456388612,2966,449362.9240764862
2025-09-24 10:02:02.001046,155.74559774840742,157.9237696654914,151.96068132915337,156.37399470948233,9106,1423941.5958245462
2025-09-24 11:02:02.001046,152.17651716066112,156.47509374330554,150.02952243945325,152.88379844929295,5815,889019.2879826386
2025-09-24 12:02:02.001046,149.74549398770588,152.78081823951084,147.03182363381973,150.51295099936138,9557,1438452.2727008967
2025-09-24 13:02:02.001046,154.21557131797866,155.63700227895333,151.30101048020973,154.37124199680594,9982,1540933.7376121168
2025-09-24 14:02:02.001046,156.75117502887431,158.37648874474775,155.88482415988284,156.6468668209278,8008,1254428.10950199
2025-09-24 15:02:02.001046,151.13365145692651,153.42755040607526,147.33380237063503,151.61154276729283,1272,192849.88239999648
2025-09-24 16:02:02.001046,152.54572961393632,152.54658323621294,150.779156049274,152.90094203923258,9435,1442620.3881401594
2025-09-24 17:02:02.001046,152.80802263982457,154.62772768487386,150.31136785491927,152.54812808764822,4590,700195.9079223054
2025-09-24 18:02:02.001046,153.76998180455794,154.4685541313167,151.35925071350906,154.0830781970854,7106,1094914.3536684888
2025-09-24 19:02:02.001046,154.48697674381765,156.05386589243403,150.44014723617224,154.15248911337108,2539,391393.16985884914
2025-09-24 20:02:02.001046,151.5615201706535,151.82780757159895,149.52619811168506,151.85018343178146,5386,817865.0879635749
2025-09-24 21:02:02.001046,153.9045397100946,154.4423338053065,150.46136225254108,153.27497141176923,9947,1524626.1406328685
2025-09-24 22:02:02.001046,153.654840211371,157.84048354654283,150.8720555993702,153.0289296840857,9750,1492032.0644198356
2025-09-24 23:02:02.001046,150.6058409933209,154.5363725613848,147.7663780076852,150.95042717989764,4622,697692.8744254869
2025-09-25 00:02:02.001046,154.58071777354849,154.95257756626697,152.15459911981162,154.9829155521021,7365,1141449.173041232
2025-09-25 01:02:02.001046,155.96596283908184,157.64943180579007,152.72330078069857,155.01518548500925,7396,1146492.3118471284
2025-09-25 02:02:02.001046,156.3668416024142,159.09065140442453,156.06632289774225,156.90552752113499,3080,483269.02476509573
2025-09-25 03:02:02.001046,148.9590593648405,149.62553567918687,148.00240828014924,149.31039884932315,4494,671000.9324288582
2025-09-25 04:02:02.001046,147.54880699833797,148.13389552266895,145.06934803512584,147.9736194294791,4956,733357.2578924984
2025-09-25 05:02:02.001046,150.4722523311827,150.9979674583926,146.53181848710202,149.53716853847968,1421,212492.31649317962
2025-09-25 06:02:02.001046,148.65966793702785,148.87535547397925,147.85908025457576,149.62994226883094,7748,1159332.792698902
2025-09-25 07:02:02.001046,145.2924104608285,145.589282192115,141.8846103744221,146.5575533111948,4096,600299.7383626539
2025-09-25 08:02:02.001046,145.66873766487447,146.74988993045244,145.08442730287283,144.69167459478956,9415,1362272.1163099436
2025-09-25 09:02:02.001046,144.5929517473208,145.5493805055241,142.9691040270911,144.80003097544932,5524,799875.371108382
2025-09-25 10:02:02.001046,146.0573071142837,149.50897219599642,142.91720968591068,147.04242631332752,4854,713743.9373248918
2025-09-25 11:02:02.001046,148.29856190985737,151.08062792215597,143.90450983405816,147.23959414191003,3395,499878.4221117846
2025-09-25 12:02:02.001046,148.87377753705653,150.59372791370504,148.22530917145536,150.2208330494426,4138,621613.8071585934
2025-09-25 13:02:02.001046,145.86866571182426,147.54375189126907,145.16476162214605,144.83395126901985,7019,1016589.5039572503
2025-09-25 14:02:02.001046,147.89152517836902,152.30423259656985,144.35030032932036,147.17603760134676,2016,296706.8918043151
2025-09-25 15:02:02.001046,155.2728479248118,159.546933410885,154.23785149931763,156.27385816148097,2813,439598.363008246
2025-09-25 16:02:02.001046,162.84884040400078,163.07154510734802,162.58488306589965,163.96326510027905,3999,655689.0971360159
2025-09-25 17:02:02.001046,165.91900931525439,168.16670875836815,165.6050633243006,167.52520990178547,2689,450475.28942590114
2025-09-25 18:02:02.001046,170.155324131628,171.00307974149564,165.35237951095405,170.80438609099858,6649,1135678.3631190495
2025-09-25 19:02:02.001046,174.61768168011886,179.479309033243,169.8565942447155,173.8699706312824,2342,407203.4712184634
2025-09-25 20:02:02.001046,177.88146501354328,180.07361647356032,175.1579792305304,177.58064255490672,8235,1462376.591439657
2025-09-25 21:02:02.001046,182.50441889033758,183.47396771384976,177.56817180672837,184.17148883798393,6911,1272809.159359307
2025-09-25 22:02:02.001046,180.7659218485602,182.0507553735037,175.86878686009527,179.6055190097183,9558,1716669.5506948875
2025-09-25 23:02:02.001046,173.86676644922466,174.95056539495567,171.71619286239311,172.51882776753666,5270,909174.2223349182
2025-09-26 00:02:02.001046,169.42214391935946,173.39895167624755,169.38409824635318,168.54342077193252,7893,1330313.2201528633
2025-09-26 01:02:02.001046,164.12022630314206,168.85484441921494,162.79205055278302,164.08697711007352,5658,928404.116488796
2025-09-26 02:02:02.001046,166.3075594086211,166.39075882390054,162.29010177749777,167.3402236382021,6979,1167867.4207710125
2025-09-26 03:02:02.001046,172.17464082705996,175.9533341824036,168.93149153436,172.24999935386666,4197,722933.2472881783
2025-09-26 04:02:02.001046,172.8002269271125,173.52592244104605,169.77182640672177,172.96814871006208,2366,409242.6398480069
2025-09-26 05:02:02.001046,171.70118574219745,174.62981863550885,166.85497337216316,172.15723305660225,5539,953578.9139005198
2025-09-26 06:02:02.001046,173.90829894206252,176.17285720989273,169.3566153354641,173.59208199907292,5758,999543.2081506619
2025-09-26 07:02:02.001046,179.25320438106783,180.8817012205219,177.8059836845558,179.97281823889313,2375,427435.4433173712
2025-09-26 08:02:02.001046,184.08591672541698,187.26467604458702,179.45500262554094,183.98187076707242,6014,1106466.9707931736
2025-09-26 09:02:02.001046,177.6067369513319,179.28517659991886,173.47526203758216,176.0763123720391,5530,973702.0074173763
2025-09-26 10:02:02.001046,180.31860503209793,183.36901657946348,176.32182024664942,181.0216785226298,3156,571304.4174174196
2025-09-26 11:02:02.001046,178.76217059324955,180.9738325807056,174.44911638865807,178.80927471937918,7772,1389705.6831190148
2025-09-26 12:02:02.001046,179.39294486594332,180.37647296126843,175.72818958284805,179.08982124540225,3296,590280.0508248458
2025-09-26 13:02:02.001046,177.7668735963088,179.06054499517955,172.9208177992252,177.12225395132654,3881,687411.4675850983
2025-09-26 14:02:02.001046,173.965161361286,177.23056700610752,171.61940649993008,173.64285793072733,2058,357357.00162143685
2025-09-26 15:02:02.001046,173.42809615245514,178.0928332347597,169.24654168194297,171.77208159704395,5603,962438.9731882373
2025-09-26 16:02:02.001046,172.5551206745507,174.1913453608939,170.62406547069128,173.61942299717836,8192,1422290.3131928851
2025-09-26 17:02:02.001046,170.22061718911323,174.04986579839147,169.77655313383715,170.4661534970793,5576,950519.2718997141
2025-09-26 18:02:02.001046,167.62975040371413,168.8711678613524,164.1417882504394,167.8145916619591,8813,1478949.9963168455
2025-09-26 19:02:02.001046,165.67232855961387,168.60300658716605,161.03703319870843,166.7708712413148,2514,419261.9703006654
2025-09-26 20:02:02.001046,161.80394633093638,163.1790423635095,158.89299384079987,162.81316972277264,1515,246661.95213000054
2025-09-26 21:02:02.001046,163.1196631305048,166.29745676253725,161.49928066916735,164.09399573617983,1271,208563.46858068457
2025-09-26 22:02:02.001046,166.26698517628589,169.79358421985276,164.58387072570602,167.29025146055267,1622,271344.7878690164
2025-09-26 23:02:02.001046,160.83709685044587,164.11366988750092,160.50773658956322,162.43565488200616,6214,1009375.1594367863
2025-09-27 00:02:02.001046,163.56511952160423,165.1340845407966,158.93843720555873,162.37969680552007,6730,1092815.35950115
2025-09-27 01:02:02.001046,159.3870214693001,163.70588517979522,154.72312443879213,158.46084187924072,4339,687561.5929140255
2025-09-27 02:02:02.001046,160.67618881101853,160.87039303857375,158.32492435916294,161.25616385496008,1571,253333.43341614227
2025-09-27 03:02:02.001046,160.47081261541382,161.48028769191708,160.3579744663864,160.93811189260305,2174,349879.455254519
2025-09-27 04:02:02.001046,155.9801317361962,160.12743231896624,152.00905464115155,154.89415492223372,9979,1545688.7719689703
2025-09-27 05:02:02.001046,150.57634600952193,152.35414974342507,146.64954373762495,151.0934518615706,4084,617065.6574026543
2025-09-27 06:02:02.001046,156.91419885467315,160.3323138508558,153.9342165447665,155.80709723474328,3933,612789.3134242453
2025-09-27 07:02:02.001046,152.54193498129965,153.97552321637104,150.87649016049147,152.23160534395583,8099,1232923.7716806983
2025-09-27 08:02:02.001046,149.69452875959024,153.2125921815971,149.28699750531655,149.30601812334805,5312,793113.5682712249
2025-09-27 09:02:02.001046,147.40004627918617,148.83158443949543,146.36173308604893,146.34808563172953,6586,963848.4919705706
2025-09-27 10:02:02.001046,145.98592481447588,147.47165566415998,141.87976992154285,145.94555577662982,5327,777451.975622107
2025-09-27 11:02:02.001046,147.28184966019538,150.87136191534304,143.22750128915573,147.57631868162053,7738,1141945.5539583797
2025-09-27 12:02:02.001046,146.46258358962783,150.235597950459,145.83527381654312,147.2378128284842,4992,735011.1616397932
2025-09-27 13:02:02.001046,149.35003814183622,153.43544255101736,145.3064203252392,150.40543278122982,4197,631251.6013828216
2025-09-27 14:02:02.001046,150.42702638966972,153.3410613337689,148.21832324840724,149.28363941239868,5994,894806.1346379177
2025-09-27 15:02:02.001046,143.0540998445128,143.81426276965212,138.78453419311106,142.89791200814693,1687,241068.7775577439
2025-09-27 16:02:02.001046,146.30669930248087,149.60661096920668,145.48129353143483,147.61102265543565,4797,708090.0756781248
2025-09-27 17:02:02.001046,143.8975185582473,147.6036270125335,140.14907556043258,144.4876161107916,1190,171940.263171842
2025-09-27 18:02:02.001046,145.15352742168187,147.87506787299878,143.5786867403587,144.59365763255596,3330,481496.87991641136
2025-09-27 19:02:02.001046,142.69646813818386,146.803866891721,139.34757829418245,141.52108348929917,4158,588444.6651485059
2025-09-27 20:02:02.001046,142.4802896126053,144.8265537112221,139.01458106302508,143.10829713149693,7120,1018931.0755762581
2025-09-27 21:02:02.001046,142.15194316852384,143.46489032329566,139.92243243055123,142.98513274759867,7146,1021771.7586143401
2025-09-27 22:02:02.001046,141.2891227901848,144.84475057911234,139.89465416848893,141.8458702218491,3939,558730.8828038636
2025-09-27 23:02:02.001046,142.73866602303647,145.84482326069204,138.93863643232402,142.47539321609875,5813,828209.460765182
2025-09-28 00:02:02.001046,141.01050951447596,142.49025714152532,140.42882638793628,140.25771873850516,4662,653881.4847589111
2025-09-28 01:02:02.001046,139.67329524904227,140.7157823179654,139.43050766654352,139.10977622784984,1983,275854.68625982624
2025-09-28 02:02:02.001046,139.2770890588136,143.43649132397823,138.90736991663434,138.50136378494872,9737,1348587.7791740457
2025-09-28 03:02:02.001046,139.46419507978334,141.0086335441158,136.77473546786013,139.02932233932697,8265,1149077.3491345374
2025-09-28 04:02:02.001046,138.63539725424525,138.77376080621247,134.98327541889046,138.40210532153287,3061,423648.84438921214
2025-09-28 05:02:02.001046,134.91594282562983,138.89355977704838,131.88022438843342,133.76474304399022,5435,727011.3784440869
2025-09-28 06:02:02.001046,137.5082385758047,138.3156015880184,136.76673909075265,137.91731764830348,7768,1071341.7234920214
2025-09-28 07:02:02.001046,136.86381615950978,137.42781174193794,133.8947060928638,135.62126533150496,1596,216451.5394690819
2025-09-28 08:02:02.001046,138.92963963627588,140.22823612130608,138.28634062040175,138.26167505299338,2551,352705.53306018614
2025-09-28 09:02:02.001046,140.46305727357,142.0492291667452,138.65429263304796,140.40323365846524,2449,343847.51922958135
2025-09-28 10:02:02.001046,138.39636409681168,138.89610053632623,134.52516071958695,139.0164606003663,8104,1126589.3967053683
2025-09-28 11:02:02.001046,140.4657903479086,141.4427634561883,139.22503935542798,139.9255668219311,4153,581110.8790114799
2025-09-28 12:02:02.001046,140.2824956584535,143.27472533918993,137.0609059474617,140.98216587507184,8867,1250088.8648142621
2025-09-28 13:02:02.001046,140.35290277276786,144.5396171016738,137.12223866941918,139.10047915361386,5567,774372.3674481683
2025-09-28 14:02:02.001046,138.8042288421245,142.1455316694938,136.06108715771902,138.64927725882765,1294,179412.164772923
2025-09-28 15:02:02.001046,137.3909172569579,140.75042236323006,136.88580831494147,138.14157589330605,1498,206936.08068817246
2025-09-28 16:02:02.001046,138.24466038263128,138.40100565797283,137.4486523994525,137.74898283801193,8942,1231751.4045375027
2025-09-28 17:02:02.001046,136.37238748279518,139.459460242065,133.29830110794936,136.47710778264948,7637,1042275.6721360941
2025-09-28 18:02:02.001046,139.273520852,140.3894151506005,137.32923850300125,140.27284020159067,2867,402162.23285796045
2025-09-28 19:02:02.001046,139.47013282911067,143.46194487216144,135.7959853533152,138.12640802885554,7103,981111.8762289609
2025-09-28 20:02:02.001046,134.4269360228687,136.1536036644521,130.64184369981885,133.6846965873936,7429,993143.6109477471
2025-09-28 21:02:02.001046,134.11180145851415,135.87663565241232,134.02126093797926,134.9375697855115,7568,1021207.528136751
2025-09-28 22:02:02.001046,138.24423851233664,139.65152132308876,137.03694789778908,139.60949430565162,2317,323475.1983061948
2025-09-28 23:02:02.001046,139.98221464620678,141.3277290944888,136.47266529157577,140.77496593026854,2301,323923.1966055479
2025-09-29 00:02:02.001046,138.0050948253619,139.35595280337478,133.95088340635073,138.7251667071052,7996,1109246.4329900132
2025-09-29 01:02:02.001046,141.4741393067,143.7856748185922,137.560355650531,142.7628221243499,7362,1051019.896479464
2025-09-29 02:02:02.001046,140.94442468581238,142.80519162069584,138.7577477976543,140.13338999163503,1585,222111.4231367415
2025-09-29 03:02:02.001046,141.3095582466397,143.43965421670234,137.13123768235937,142.16584132353933,4462,634343.9839856324
2025-09-29 04:02:02.001046,140.34830631265717,141.56499360416728,137.725423541416,140.048861048057,9518,1332985.0594554066
2025-09-29 05:02:02.001046,137.5534995386164,139.99736331800727,136.319377924716,136.71242473441347,2104,287642.9416412059
2025-09-29 06:02:02.001046,140.66577800356265,143.78631845365933,139.16994243763122,139.69735956136026,4129,576810.3976288565
2025-09-29 07:02:02.001046,139.74294449086344,140.1095454402717,137.13267140017723,139.50123539672208,6398,892528.9040682279
2025-09-29 08:02:02.001046,142.016585678035,145.65047646412722,138.24955206815324,142.6015697083988,2590,369338.0655447529
2025-09-29 09:02:02.001046,145.62514424609193,149.24749969388546,143.47633625105144,145.97534753728706,4791,699367.8900511423
2025-09-29 10:02:02.001046,144.01894155176055,146.73082777176236,140.5279919037629,142.9993479891121,3728,533101.5693034099
2025-09-29 11:02:02.001046,146.35044594574356,150.3793885960099,145.85637682226582,146.71759077311143,4114,603596.1684405804
2025-09-29 12:02:02.001046,146.12331343974864,147.49849364052622,144.52609205504191,145.70235489143445,3630,528899.548255907
2025-09-29 13:02:02.001046,144.16287241581472,147.73006858009353,142.81701326577178,144.31261831568077,8099,1168787.8957386985
2025-09-29 14:02:02.001046,143.50989602907765,144.53233216208267,140.4957473199058,143.91974614351415,5151,741330.6123852413
2025-09-29 15:02:02.001046,142.94918551964395,145.46442696155333,140.91680197977135,143.69055103044644,1283,184354.97697206278
2025-09-29 16:02:02.001046,143.25964973951886,146.70191576084417,139.7361441904849,142.14183226599962,8366,1189158.568737353
2025-09-29 17:02:02.001046,138.06761576936194,139.7787183731881,134.75128198965095,137.82562876609236,1992,274548.652502056
2025-09-29 18:02:02.001046,139.06819917793717,140.57177968228078,135.25941827539572,138.239768244461,1343,185656.0087523111
2025-09-29 19:02:02.001046,140.19621024122785,140.81516214393653,137.24358230863126,139.04592697504916,5920,823151.887692291
2025-09-29 20:02:02.001046,139.02633544431578,139.54037471802565,136.1388102700752,140.21100542996683,5212,730779.7603009872
2025-09-29 21:02:02.001046,139.60638871413977,141.99537298963372,137.85389940432555,140.20584647198385,2364,331446.6210597698
2025-09-29 22:02:02.001046,143.01944906784095,145.39640337352168,141.02243654634185,142.14834048773434,1495,212511.76902916285
2025-09-29 23:02:02.001046,142.4946556531923,143.7833618986845,140.78203943041004,141.64328938037394,4085,578612.8371188275
2025-09-30 00:02:02.001046,139.54874941584805,143.53452312967602,138.4515938530629,139.82067199500113,7250,1013699.8719637583
2025-09-30 01:02:02.001046,143.15371531276313,143.38782286101065,140.20779998532035,143.15142183804662,1996,285730.237988741
2025-09-30 02:02:02.001046,148.74378460486508,149.91180008261978,147.06702895848537,149.72366448136142,1786,267406.4647637115
2025-09-30 03:02:02.001046,149.33816994571396,151.88717306533067,148.27267758820764,150.26946283961993,9834,1477749.8975648223
2025-09-30 04:02:02.001046,153.7290547894645,155.40434184527462,152.77871007467158,155.0849214478401,3349,519379.40192881646
2025-09-30 05:02:02.001046,154.40555081337146,156.9282076202306,149.96361890418834,155.16159782617387,7704,1195364.9496528436
2025-09-30 06:02:02.001046,159.33075957348703,161.54961860699365,157.51058561244267,159.2679649591924,3713,591361.9538934814
2025-09-30 07:02:02.001046,153.49502813954584,154.43471421141302,150.23438470906828,154.25823215393592,1300,200535.7018001167
2025-09-30 08:02:02.001046,151.6539934120198,154.07146497588144,148.90501157837463,151.99719219563926,6680,1015341.2438668703
2025-09-30 09:02:02.001046,151.2185391736251,155.29216345467015,149.06389882519582,151.84542745882257,3941,598422.8296152197
2025-09-30 10:02:02.001046,148.69946053225243,149.61833413871196,144.2426852765255,147.32923976688843,2480,365376.51462188334
2025-09-30 11:02:02.001046,146.89739261399237,148.47489959800797,143.96088828111314,146.567446835351,7447,1091487.776582859
2025-09-30 12:02:02.001046,143.11030441466815,146.23633336456322,141.39406014296867,143.77219125941963,8489,1220482.1316012132
2025-09-30 13:02:02.001046,144.26749907118688,147.970345698356,141.74984847348622,143.71758828240672,2532,363892.93353105383
2025-09-30 14:02:02.001046,141.87589985191318,142.63528817935352,138.07996055683853,142.84663423112045,6365,909218.8268810817
2025-09-30 15:02:02.001046,153.29644206556773,156.04341793756234,150.50783654547553,153.21499768749518,8727,1337107.2848187704
2025-09-30 16:02:02.001046,149.0698316916653,152.87739903785027,144.97457498732908,148.64078810019515,7666,1139480.281576096
2025-09-30 17:02:02.001046,149.79255167474352,151.02438733761815,149.01816250602653,150.51115995096652,4364,656830.7020260178
2025-09-30 18:02:02.001046,150.97864713660098,154.36668079549608,150.23823678775466,151.5956525279099,2641,400364.11832621
2025-09-30 19:02:02.001046,146.0339375865673,148.95575882367578,143.56039864447368,147.35735587666034,4723,695968.7918054668
2025-09-30 20:02:02.001046,151.23077662849602,151.69072919783179,150.28660352673103,152.17316215237165,4840,736518.1048174788
2025-09-30 21:02:02.001046,152.57389323691729,155.15735032306887,150.7456759371198,151.55547876500498,6204,940250.1902580908
2025-09-30 22:02:02.001046,152.60897610061167,155.94026738770987,152.2546352590939,153.4092943754229,1865,286108.3340101637
2025-09-30 23:02:02.001046,153.67529903324558,154.52259393429105,150.5789822578011,153.6359950600394,7795,1197592.581493007
2025-10-01 00:02:02.001046,163.32138251788865,164.9600309949398,160.96618704999483,162.33347076550942,6127,994617.1753802762
2025-10-01 01:02:02.001046,158.68585704950692,162.37253968603034,155.76073827218715,158.70707585854134,9943,1578024.4552614766
2025-10-01 02:02:02.001046,153.34536984762872,155.91315884658778,150.3413447960531,154.67293496837988,7998,1237074.1338771023
2025-10-01 03:02:02.001046,153.21510005000715,155.524228509787,150.12575041695604,153.94174538059647,2269,349293.8202685734
2025-10-01 04:02:02.001046,152.6737133351344,156.5770262445836,148.2809880537529,151.2986162880014,9433,1427199.847444717
2025-10-01 05:02:02.001046,153.75377620663255,154.04486148325867,150.63845948392554,154.28501391158784,9084,1401525.066372864
2025-10-01 06:02:02.001046,161.66220173139865,162.80972748410915,159.15723662859511,161.43312474892255,9119,1472108.6645854248
2025-10-01 07:02:02.001046,162.6506278491418,166.31101466164472,160.00016009537921,163.7750880762991,3330,545371.043294076
2025-10-01 08:02:02.001046,166.12622193398903,168.010063580505,166.03243483778104,166.01409763714,3838,637162.1067313433
2025-10-01 09:02:02.001046,164.2363460407264,164.41599293353855,159.5691298788707,165.33398388292866,6918,1143780.5005021004
2025-10-01 10:02:02.001046,165.07253351041865,169.25213773081038,161.41984997074942,164.81407157908072,8393,1383284.5027632245
2025-10-01 11:02:02.001046,162.90511552990716,165.91908517654596,162.22481857199716,162.40400925102315,5497,892734.8388528742
2025-10-01 12:02:02.001046,158.39171915303055,158.89836810220112,155.38290207612783,157.12298459448724,9627,1512622.9726911287
2025-10-01 13:02:02.001046,153.59666327632263,158.17352987392596,152.99098722016242,153.79523260607286,1942,298670.3417209935
2025-10-01 14:02:02.001046,154.24398413600932,158.1687909429638,152.7871860146215,153.59629522426982,4381,672905.3693775261
2025-10-01 15:02:02.001046,147.9868190242758,148.74048275070257,143.97182132476206,147.74748341790672,2927,432456.88396421296
2025-10-01 16:02:02.001046,148.2884171553871,149.02066212824218,144.12394352874296,147.7468347877013,6378,942329.3122759588
2025-10-01 17:02:02.001046,143.99672446547572,147.67748989433193,142.09259010860228,144.03918101772396,4659,671078.544361576
2025-10-01 18:02:02.001046,144.72909835471066,147.0425656557741,144.1241357389819,145.2933055818814,6092,885126.8176048215
2025-10-01 19:02:02.001046,146.45463237386468,148.1861222272672,145.79976883051268,146.0031386880863,8318,1214454.1076075018
2025-10-01 20:02:02.001046,150.27284261668126,152.1050436638034,149.73112892091953,150.71970281767435,3892,586601.0833663886
2025-10-01 21:02:02.001046,152.07206779969454,153.31092497661817,148.95253039243588,153.12127642056805,1759,269340.3252237792
2025-10-01 22:02:02.001046,153.70108026207112,156.81997506174025,150.4778133077054,152.72982706506448,2876,439250.98263912543
2025-10-01 23:02:02.001046,153.63778839445303,155.35699448869264,149.9921343861145,154.23941850844383,5516,850784.6324925761
2025-10-02 00:02:02.001046,154.20041502317733,155.36862374981447,151.62293675341346,155.27139676599944,3508,544692.0598551261
2025-10-02 01:02:02.001046,155.6626822977037,156.27141583375678,151.94328536108335,156.50033785149773,5711,893773.4294699036
2025-10-02 02:02:02.001046,155.36194464055026,155.52242409224434,152.77901603308078,156.34586812783888,2007,313786.1573325726
2025-10-02 03:02:02.001046,156.5011854162007,156.67676561609997,154.1788577050549,156.1976711215506,3803,594019.743275257
2025-10-02 04:02:02.001046,159.75758953836757,160.39835640272582,159.44795292032052,160.5609252016184,3665,588455.7908639314
2025-10-02 05:02:02.001046,159.3170212932881,161.64998428511387,158.42355294378572,158.0400303538339,9613,1519238.8117914053
2025-10-02 06:02:02.001046,155.15948117457,158.42159329076762,154.06707913839693,156.49200160994175,7520,1176819.852106762
2025-10-02 07:02:02.001046,152.67761758640077,153.75668906899472,149.51859759358425,152.36959385318653,5277,804054.3467632653
2025-10-02 08:02:02.001046,149.3819082763549,153.78694269441996,147.78103052674138,150.03224587310405,8448,1267472.413135983
2025-10-02 09:02:02.001046,146.76349334251245,148.54732385432771,143.41294678425334,147.14177007369554,1572,231306.8625558494
2025-10-02 10:02:02.001046,148.48278199437814,150.89966590509368,146.93968999127426,147.8116065048095,2997,442991.3846949141
2025-10-02 11:02:02.001046,149.7718818034654,151.54108525912665,148.01151422233903,149.6058551825332,4407,659313.0037894237
2025-10-02 12:02:02.001046,149.17124630066544,151.29384274075431,145.44802172931801,148.73804491530163,3415,507940.42338575504
2025-10-02 13:02:02.001046,147.78445680362543,152.0138050550898,147.18846227711336,148.01268351174815,9102,1347211.4453239318
2025-10-02 14:02:02.001046,149.89586512117626,151.04892269963446,149.59897226069646,148.78980940688461,3429,510200.25645620737
2025-10-02 15:02:02.001046,143.95850495027756,144.12434893693796,141.2301318490207,145.33771910275652,6930,1007190.3933821027
2025-10-02 16:02:02.001046,147.9285200003071,151.11162463279106,146.0738075913056,148.80959611550605,8054,1198512.4871142858
2025-10-02 17:02:02.001046,148.82218498767696,150.8025469754029,148.54929112430548,148.21185277753963,4491,665619.4308239305
2025-10-02 18:02:02.001046,150.5676482142344,154.46874027914592,150.55323518941273,150.34739282583874,9779,1470247.154443877
2025-10-02 19:02:02.001046,153.59393791010012,156.12693504883006,150.9083369036963,154.75433828282107,8865,1371897.2088772086
2025-10-02 20:02:02.001046,155.444824981038,155.69949165179338,155.3135299148024,155.4840444692723,4057,630798.7684118378
2025-10-02 21:02:02.001046,159.40998516841339,163.42450199686104,157.74016503924778,159.77683418719423,7349,1174199.9544416904
2025-10-02 22:02:02.001046,158.5211736058381,162.2307977526354,156.0084213450892,157.6571748856045,7571,1193622.4710589116
2025-10-02 23:02:02.001046,155.38360067348896,155.73461891014114,152.47413193414377,156.3797483043567,5150,805355.703767437
2025-10-03 00:02:02.001046,156.350697445955,157.19106955340948,155.8400877687954,156.22672814474794,2381,371975.8397126448
2025-10-03 01:02:02.001046,157.18590111651068,158.84524115979272,155.79770740873897,157.25365133303055,7747,1218244.0368769877
2025-10-03 02:02:02.001046,157.60333043822274,161.22443287507954,153.24975821275072,156.175628280399,4129,644849.1691697674
2025-10-03 03:02:02.001046,157.3546440734378,157.98925579689703,154.84194508279316,157.6879111866594,8338,1314801.803474366
2025-10-03 04:02:02.001046,157.18357471453544,159.7089291245247,154.71728611503266,156.83528300708886,1261,197769.29187193906
2025-10-03 05:02:02.001046,159.77282077078345,164.1291804608406,158.74319622790765,159.73257816123314,9283,1482797.5230707272
2025-10-03 06:02:02.001046,150.12424080562542,151.37940398349383,149.93901094123402,149.0517961782726,6724,1002224.277502705
2025-10-03 07:02:02.001046,150.75450250701286,154.4795509633857,149.4384225353043,151.01870576247984,4497,679131.1198138718
2025-10-03 08:02:02.001046,148.621173492299,149.31012550476484,146.12238909443047,148.65226543221084,7099,1055282.4323032647
2025-10-03 09:02:02.001046,149.09630818629563,150.51178588367372,145.01241279033044,148.50952411123717,9118,1354109.8408462605
2025-10-03 10:02:02.001046,146.21141294720013,147.3462077421966,143.3479742802883,147.07166927465906,7354,1081565.0558458427
2025-10-03 11:02:02.001046,151.59578629749282,154.68699770824836,149.64102669251525,151.92989131007388,1314,199635.87718143707
2025-10-03 12:02:02.001046,150.95613450299524,152.1228684227239,148.46510320225644,151.53855017338486,6585,997881.3528917393
2025-10-03 13:02:02.001046,151.6136027865889,152.92132104999084,149.51323936508456,151.71464884956143,8715,1322193.1647239279
2025-10-03 14:02:02.001046,150.1441411255744,151.47481776293137,146.04772609631905,150.64863520135668,9720,1464304.734157187
2025-10-03 15:02:02.001046,149.74998750735975,153.5769050099368,148.92871837126216,148.2934043768572,5736,850610.9675056529
2025-10-03 16:02:02.001046,145.76896678190272,149.18774390619973,143.51321985770926,146.6261304345871,2749,403075.23256468
2025-10-03 17:02:02.001046,141.02439076602812,144.39478148532038,138.22356831040224,141.60397287678856,3772,534130.1856912464
2025-10-03 18:02:02.001046,141.67537205685548,142.78404947602834,137.46373316687803,142.09557420395888,3939,559714.466789394
2025-10-03 19:02:02.001046,137.71016879067614,139.82896180124047,137.0689802519371,136.55231567455402,6851,935519.9146863696
2025-10-03 20:02:02.001046,139.43907609739955,141.87830793926506,138.25948082316344,139.08223356369984,2425,337274.4163919721
2025-10-03 21:02:02.001046,139.63520947103075,140.18570333924325,136.54571765873595,139.86202027526113,7856,1098756.0312824515
2025-10-03 22:02:02.001046,141.98656600712005,146.1039871002565,139.6158408902555,141.47824571122848,7378,1043826.4968574437
2025-10-03 23:02:02.001046,140.65269572196758,141.38278393311,137.55878114706906,139.58241554522365,4382,611650.1449191701
2025-10-04 00:02:02.001046,139.21353666000797,140.68978425544623,136.35534304616667,139.1885332480298,7276,1012735.7679126649
2025-10-04 01:02:02.001046,137.7305854110531,140.66904026633838,133.6267506271877,138.45740761579484,9038,1251378.0500315537
2025-10-04 02:02:02.001046,134.79956974516233,137.1311102426866,134.73220002766092,134.10292900997916,1317,176613.55750614256
2025-10-04 03:02:02.001046,128.40708675173897,128.41751912060693,127.82904875236191,128.10119632095052,1118,143217.13748682267
2025-10-04 04:02:02.001046,128.09094017578792,131.88174313795471,125.31751895935808,127.82302073399063,2101,268556.1665621143
2025-10-04 05:02:02.001046,127.18601256799222,130.29492329713176,124.96302348105088,126.7018634191678,7658,970282.870063987
2025-10-04 06:02:02.001046,129.75945345192824,131.88024618389156,126.3557727755268,129.21375781380095,6648,859013.0619461488
2025-10-04 07:02:02.001046,125.26713586255303,126.28609226732218,124.3664459449994,125.8243526048525,4557,573381.5748203129
2025-10-04 08:02:02.001046,124.23890290135775,124.49248933913087,121.69289048617635,123.65943911477859,7763,959968.2258480262
2025-10-04 09:02:02.001046,125.46970325272548,127.09666033590474,122.0499795086458,126.08852787088307,2164,272855.57431259094
2025-10-04 10:02:02.001046,129.6054531135012,130.82180365108695,125.95410023593975,130.12793226510945,4832,628778.1687050088
2025-10-04 11:02:02.001046,127.40770059025766,130.38031650000454,124.44868081986189,126.58216177009017,3581,453290.72129869286
2025-10-04 12:02:02.001046,128.95448078556134,130.09153728291398,126.81251988238381,129.53998191115755,2036,263743.4031711168
2025-10-04 13:02:02.001046,128.0137671757424,128.8784785036733,126.71692849587551,128.29458306113054,6065,778106.6462657567
2025-10-04 14:02:02.001046,129.5083480447645,131.71621393692405,126.69024329523685,129.44213020403606,9708,1256624.2000207822
2025-10-04 15:02:02.001046,127.77084571994617,129.757476866903,126.70606519995054,126.93818022024966,4945,627709.3011891346
2025-10-04 16:02:02.001046,125.7927834576566,125.89498179316293,123.71444071909553,125.28066817450262,2093,262212.438489234
2025-10-04 17:02:02.001046,129.65891773243837,130.3659358735045,127.73010976076091,129.19943192415158,7065,912793.986544131
2025-10-04 18:02:02.001046,134.21802781713203,135.41775551492418,132.02386761183328,133.3148848938377,4990,665241.2756202501
2025-10-04 19:02:02.001046,128.1508120742324,128.55915372200158,127.28916671891193,128.94011170786004,2875,370702.8211600976
2025-10-04 20:02:02.001046,129.73284472024108,132.9800245954372,128.08791035310787,130.11272162576833,4861,632477.9398228598
2025-10-04 21:02:02.001046,127.96687074196801,131.06407941512643,125.09455233620454,128.79544698556958,8645,1113436.6391902491
2025-10-04 22:02:02.001046,123.91043563360876,124.89594458414425,121.79904106126189,125.14718444786388,9278,1161115.577307281
2025-10-04 23:02:02.001046,125.12820490639784,125.74141237819285,121.76593404026346,124.24108468027927,2932,364274.8602825788
2025-10-05 00:02:02.001046,121.83204133692648,124.20614336490239,121.34958496162461,122.63171242487867,8959,1098657.511614488
2025-10-05 01:02:02.001046,122.43377097820361,124.79590170890862,119.92048751168578,122.73133089076259,9089,1115505.0664661413
2025-10-05 02:02:02.001046,121.24021324398466,122.18606163960122,119.00354247026556,122.31435978806861,7881,963959.4694897687
2025-10-05 03:02:02.001046,121.32517422289845,124.85388379123754,119.33759902378254,121.34215882556616,8314,1008838.708475757
2025-10-05 04:02:02.001046,119.15144830500864,121.43596707278411,116.79568824515326,120.33741572399296,8170,983156.6864650225
2025-10-05 05:02:02.001046,122.6164342191443,125.51911876314118,121.15567845700535,122.99463348189681,2893,355823.4746631275
2025-10-05 06:02:02.001046,125.65145546457164,128.80422103170176,125.55510332994304,126.84665693184718,5042,639560.8442503734
2025-10-05 07:02:02.001046,129.23844835609543,131.87860875961468,128.7705707828086,129.27522189331063,4483,579540.8197477115
2025-10-05 08:02:02.001046,127.87514796951238,129.2649979787774,127.20913703172178,128.390482517824,4007,514460.6634489208
2025-10-05 09:02:02.001046,128.20650695301887,131.3797538444239,127.66161813853157,128.11322921744642,1229,157451.15870824165
2025-10-05 10:02:02.001046,128.62685983160947,129.82946791240894,126.7951551997158,127.51052096970086,4055,517055.162532137
2025-10-05 11:02:02.001046,129.06335775364624,130.4574739517151,127.04171198261513,128.68980702953132,6820,877664.4839414036
2025-10-05 12:02:02.001046,130.8410400704397,132.04581549500372,127.13991734494677,130.43033457935206,5366,699889.1753528032
2025-10-05 13:02:02.001046,133.15714097071367,135.7757159825783,129.32140489243815,133.4172829811466,5958,794900.1720016714
2025-10-05 14:02:02.001046,136.3531612545777,139.36721975070944,134.31211902379818,136.5515838282376,5453,744615.7866153796
2025-10-05 15:02:02.001046,136.50260146265248,139.93771401298247,135.99940018773412,135.80146944662002,9677,1314150.819834942
2025-10-05 16:02:02.001046,137.3004079654285,137.50127702946898,136.65672495000456,137.13027649234718,1604,219956.96349372488
2025-10-05 17:02:02.001046,138.9958796235223,141.27461849834782,135.2069349646813,139.7093358811139,5597,781953.1529265945
2025-10-05 18:02:02.001046,138.3263099101879,139.09090299252716,134.41306851066614,138.56920662053633,4815,667210.7298778824
2025-10-05 19:02:02.001046,137.19024209399822,137.7041707764288,135.23711315396042,136.1187615336953,5468,744297.3880662459
2025-10-05 20:02:02.001046,132.96865591190914,135.34751767880675,130.07344781356863,131.7097309262573,2840,374055.6358305707
2025-10-05 21:02:02.001046,128.1980113882983,130.604223628229,126.58562397207216,128.81767988271562,7697,991509.6820572622
2025-10-05 22:02:02.001046,127.32335271738505,127.80505569889065,123.99966704553043,127.7720293805982,3970,507254.95664097485
2025-10-05 23:02:02.001046,124.81687746633452,128.4218357149138,123.42522089766928,124.02828773805787,1066,132214.1547287697
2025-10-06 00:02:02.001046,119.96816034840552,122.76423576115499,116.62389708835383,120.35299002003399,3251,391267.5705551305
2025-10-06 01:02:02.001046,122.62044737325218,125.09553505800051,120.77094794226643,123.72478432284505,2235,276524.8929615587
2025-10-06 02:02:02.001046,120.27411229016738,123.73068587879264,116.78648863658975,120.46605255934972,8938,1076725.577775468
2025-10-06 03:02:02.001046,123.00521566196433,125.63341966006308,119.9641218594481,122.35423088320518,6611,808883.8203688695
2025-10-06 04:02:02.001046,122.29789297930706,122.35163236341582,122.00857486023486,123.46237933203713,2507,309520.18498541706
2025-10-06 05:02:02.001046,121.89828639088496,125.2326376735667,118.7774996974907,122.25405359280776,2294,280450.798941901
2025-10-06 06:02:02.001046,124.34876061146106,127.16461637914671,121.77273642821861,124.21936741055022,3441,427438.8432597033
2025-10-06 07:02:02.001046,128.3866218256732,128.39557065360543,128.32473025634224,129.4294743508734,4787,619578.8937176309
2025-10-06 08:02:02.001046,130.7164041129691,131.12218076002637,129.3696174555513,131.78039778289508,2667,351458.32088698115
2025-10-06 09:02:02.001046,131.00472515751756,133.14928036195613,129.76270262006534,130.19309306182987,2356,306734.92725367117
2025-10-06 10:02:02.001046,127.77691417995862,128.94122398800715,124.30017108017783,126.86680513393297,2752,349137.44772858353
2025-10-06 11:02:02.001046,125.36806524312864,127.30419034966557,123.53741757854603,124.38322987295044,5402,671918.2077736782
2025-10-06 12:02:02.001046,125.24978728549033,125.99070108192491,121.859062762228,124.41524439121812,8633,1074076.804829386
2025-10-06 13:02:02.001046,122.18116944849555,123.47897011716,120.91960281406081,122.27225715651038,2044,249924.4936279072
2025-10-06 14:02:02.001046,121.63455880250866,123.49746600479345,118.49854711657987,121.45157990114258,7704,935662.9715584024
2025-10-06 15:02:02.001046,118.44307077882942,119.02444694824881,117.34786669174771,118.85594810055036,8226,977709.0290751273
2025-10-06 16:02:02.001046,116.32654968598196,116.78652869838979,115.93235185196748,115.8031378463557,8396,972283.1453580024
2025-10-06 17:02:02.001046,117.47463227453147,120.3543129546372,115.5304734089895,117.44934905859893,9461,1111188.2914434045
2025-10-06 18:02:02.001046,113.1716415902325,115.75918539775962,112.95495150007633,114.16925155566989,9553,1090658.8601113143
2025-10-06 19:02:02.001046,112.80454611414552,115.30011468536011,110.27604597748761,111.82830085742562,8281,926050.1594003416
2025-10-06 20:02:02.001046,109.68348717988373,112.05063722606425,106.48551651068662,109.40998338843352,6560,717729.4910281239
2025-10-06 21:02:02.001046,111.32010302605738,111.63923250498898,110.97995257837148,112.28953375241167,5157,579077.125561187
2025-10-06 22:02:02.001046,114.1283956366567,114.7356204277628,110.72865766395678,114.82571110879677,9652,1108297.7636221063
2025-10-06 23:02:02.001046,115.18846299008405,116.10480129328963,114.02342310384864,116.26074924649362,4876,566887.4133259029
2025-10-07 00:02:02.001046,116.48815135031846,118.69038927028411,116.44792968476636,116.1254259627454,8456,981956.6019409751
2025-10-07 01:02:02.001046,115.77546211413339,116.8154376333855,112.65006298429095,115.24687210453165,5569,641809.8307501368
2025-10-07 02:02:02.001046,113.51964950866257,114.68512915743713,113.45624878750408,113.81408223427952,2560,291364.0505197556
2025-10-07 03:02:02.001046,113.30980254357357,115.7197805771209,112.9906119866662,112.48883698910772,1470,165358.59037398835
2025-10-07 04:02:02.001046,111.72687287462186,111.91667076813918,108.7785509145838,111.9073533000969,6073,679613.3565914885
2025-10-07 05:02:02.001046,111.52206909896725,112.54548977401424,109.79281228580406,110.54777460185623,2353,260118.91363816772
2025-10-07 06:02:02.001046,108.84630642875403,110.02581744402207,107.66195681043872,107.91174465802467,1885,203413.63868037652
2025-10-07 07:02:02.001046,109.0929523878484,110.84323796921024,109.08059595183276,109.03738821104204,7269,792592.7749060646
2025-10-07 08:02:02.001046,108.1791486626013,109.44580386332976,107.8254732158226,108.8576673514647,8129,884903.9779000565
2025-10-07 09:02:02.001046,110.83886771429248,111.35232574597921,109.59781772353082,109.79432484196177,5651,620447.729681926
2025-10-07 10:02:02.001046,109.03638232607906,109.72824024945604,108.17292997608826,108.64388648796032,5920,643171.808008725
2025-10-07 11:02:02.001046,109.70697677141138,112.86352375210846,107.0488196081068,110.18392296890866,5868,646559.259981556
2025-10-07 12:02:02.001046,110.9096144387712,113.01286040879083,109.03067045183765,110.9654106127223,9113,1011227.7869137382
2025-10-07 13:02:02.001046,111.27676493117025,111.3016791548259,109.34951797169025,111.76208332142866,9146,1022176.0140577866
2025-10-07 14:02:02.001046,110.9505994580914,114.22005642155925,108.89658104260093,110.23582032252311,6191,682469.9636167405
2025-10-07 15:02:02.001046,111.54657069156268,112.33873141038178,110.30181290919262,112.28264329472704,6401,718721.1997295477
2025-10-07 16:02:02.001046,115.66343390194253,115.76465059920945,114.07157499809543,114.62918867114357,9989,1145030.9656360531
2025-10-07 17:02:02.001046,116.03952760595945,119.21342167076229,115.00242165983036,116.05667770295145,1752,203331.29933557095
2025-10-07 18:02:02.001046,117.94603598991824,120.77963560274134,116.00392501367601,118.46193021982617,2946,348988.84642760793
2025-10-07 19:02:02.001046,118.76665564852468,121.32952348072047,117.40825127304213,117.77300574218613,5541,652580.2248174533
2025-10-07 20:02:02.001046,118.43705420324274,119.62879205174885,118.26744291829806,118.51535362693575,4981,590324.976415767
2025-10-07 21:02:02.001046,118.10591430855452,120.02964863689967,115.0211553611176,117.81258933921875,1600,188500.14294274998
2025-10-07 22:02:02.001046,115.66736178818444,118.36698586335842,112.96237810121997,114.89138660667061,8064,926484.1415961918
2025-10-07 23:02:02.001046,119.7331819841854,123.0614724735686,118.69301845853234,119.53903133643966,3178,379895.04158720525
2025-10-08 00:02:02.001046,116.58678612720051,118.63571166623727,113.47210845931207,117.67299412873005,6579,774170.628372915
2025-10-08 01:02:02.001046,119.92656074531804,122.25804216440973,117.21185920831503,120.44838851275874,1964,236560.63503905816
2025-10-08 02:02:02.001046,118.33839359591266,120.14598166784991,114.87582387174744,118.11804379450281,4170,492552.2426230767
2025-10-08 03:02:02.001046,117.665817124715,119.54838205215955,117.65167480814738,118.37307365241936,1028,121687.5197146871
2025-10-08 04:02:02.001046,116.48825044359943,117.92499536422166,113.81248643827278,115.36915127603949,6791,783471.9063155842
2025-10-08 05:02:02.001046,113.17699088881923,114.3367281462481,110.93101686241084,112.06127358052605,2906,325650.0610250087
2025-10-08 06:02:02.001046,112.71771186696104,114.91609011690909,111.84535269884617,111.66157631049526,2460,274687.47772381833
2025-10-08 07:02:02.001046,111.53619123170269,113.61928683707036,109.22377068105054,111.24335330843637,8766,975159.2351017533
2025-10-08 08:02:02.001046,111.07074636023263,112.80422292424151,107.86229009386922,110.1392399220872,2040,224684.0494410579
2025-10-08 09:02:02.001046,110.30231065406298,113.3061555349676,107.28250961138657,111.26523511463513,1075,119610.12774823277
2025-10-08 10:02:02.001046,110.04142830528734,111.83079129307389,109.93647796851954,109.26641189105037,2108,230333.59626633418
2025-10-08 11:02:02.001046,110.59913769059439,113.75871199631592,107.44659823578279,109.82474299650794,4998,548904.0654965467
2025-10-08 12:02:02.001046,113.93900723730872,113.99701060974529,113.8035341267137,112.9012236253503,2400,270962.9367008407
2025-10-08 13:02:02.001046,115.10973383757778,115.15813005904637,113.61396952385253,116.10489635667662,1870,217116.1561869853
2025-10-08 14:02:02.001046,112.20289782019431,115.41184360520579,111.87702926908807,112.68246705031108,5133,578399.1033692467
2025-10-08 15:02:02.001046,115.05902087847353,117.3624973551871,112.04073086545006,115.67008408081773,1453,168068.63216942817
2025-10-08 16:02:02.001046,117.94336422255348,119.84175327991775,117.44779232175897,117.2664526267388,8727,1023384.3320735495
2025-10-08 17:02:02.001046,115.99183017619467,116.53886116113196,115.8607758469723,116.03443505028062,3017,350075.8905466966
2025-10-08 18:02:02.001046,112.86664439300763,115.58794988402836,112.24979005583583,113.94778801093203,2438,277804.7071706523
2025-10-08 19:02:02.001046,115.54646358496268,116.26239318459047,114.62795984256083,116.3933060736702,3263,379791.3577183859
2025-10-08 20:02:02.001046,121.046411868935,121.37132388318217,118.93288372593484,121.90168901362297,9742,1187566.254370715
2025-10-08 21:02:02.001046,126.84538688311724,130.510308312275,126.5316153907548,127.51657215858845,5975,761911.518647566
2025-10-08 22:02:02.001046,126.15276540648831,128.51108231088088,123.71574867793464,126.88171131434214,9995,1268182.7045868498
2025-10-08 23:02:02.001046,127.63024097612652,128.0002688074776,124.85108241269583,127.17091690993325,4401,559679.2053206163
2025-10-09 00:02:02.001046,127.83519879030439,128.32267463635395,125.63978976872778,126.96811895430403,6660,845607.6722356648
2025-10-09 01:02:02.001046,129.56639701226817,132.51611131178683,126.09063532034557,129.58230738410478,2176,281971.100867812
2025-10-09 02:02:02.001046,129.2868179582445,130.68888365824222,126.79957366567997,129.36249586304936,6906,893377.3964302189
2025-10-09 03:02:02.001046,125.78948482110478,128.79658901306814,123.30250052724669,126.55797374858265,7944,1005376.5434587406
2025-10-09 04:02:02.001046,125.6995809500738,126.95645053156709,123.78364791595108,125.88253042964658,8799,1107640.3852504604
2025-10-09 05:02:02.001046,128.82008737788172,130.70014994956625,126.24643805861481,127.80710029705116,5439,695142.8185156613
2025-10-09 06:02:02.001046,127.5140620418171,128.16002005883766,125.45090794864474,127.02208153258134,2030,257854.8255111401
2025-10-09 07:02:02.001046,127.69343965153027,128.93134538057075,125.94700951403111,127.82550626464564,3850,492128.19911888574
2025-10-09 08:02:02.001046,129.12170872408845,130.58342512902078,126.24833808336095,128.45922925180562,5055,649361.4038678774
2025-10-09 09:02:02.001046,128.31176996460488,129.3739944414201,127.27633381848266,127.22528338533002,5532,703810.2676876456
2025-10-09 10:02:02.001046,127.08039806538297,130.0383153053128,124.55937568915182,127.24239278984729,2221,282605.35438625084
2025-10-09 11:02:02.001046,126.38646285177822,129.86364556139893,124.80698423623674,126.2919518214092,4253,537119.6710964533
2025-10-09 12:02:02.001046,127.45103762382111,129.09089043729153,124.35009904888693,126.89483454173643,4513,572676.3882868565
2025-10-09 13:02:02.001046,125.7464856258799,126.48580021023663,125.53435023155386,126.94482363240816,3072,389974.4981987579
2025-10-09 14:02:02.001046,126.67623278985137,127.15972387168021,126.35204763786187,126.65987549223503,7370,933483.2823777721
2025-10-09 15:02:02.001046,126.55709892506262,130.3125238508545,123.76669443048503,126.99260595504978,6021,764622.4804553548
2025-10-09 16:02:02.001046,127.12096079238395,128.26530526881717,123.88419780384646,126.57351371076979,3510,444273.03312480194
2025-10-09 17:02:02.001046,130.34490478704055,133.7866153328121,127.19706257900816,129.8586592716117,5179,672537.9963676771
2025-10-09 18:02:02.001046,129.34316075823136,132.96422440288077,127.93617548332662,130.12394307600331,5938,772675.9739853077
2025-10-09 19:02:02.001046,127.82882576039135,129.6362811052633,127.75633770651575,128.44337126911643,4345,558086.4481643109
2025-10-09 20:02:02.001046,128.5646939769841,130.4444697679587,127.11869428303682,129.71197160663465,8095,1050018.4101557075
2025-10-09 21:02:02.001046,126.39544423323171,127.10583766069433,122.72670563461199,127.01061818005202,6330,803977.2130797292
2025-10-09 22:02:02.001046,126.80067860016278,130.31245124685105,123.05695897271984,127.38376776559438,9712,1237151.1525394528
2025-10-09 23:02:02.001046,132.73327048912012,133.54846296878603,131.0071466417456,133.1302570086018,8111,1079819.5145967691
2025-10-10 00:02:02.001046,131.7077861143864,135.01275489522365,129.77934164116124,131.77892840322326,5491,723598.095862099
2025-10-10 01:02:02.001046,132.17666610463945,132.85399369137542,128.99526747710692,131.69770366026827,9598,1264034.5597312548
2025-10-10 02:02:02.001046,130.47038131933155,130.90149048888614,128.08087901280425,129.7947126486667,6463,838863.2278483328
2025-10-10 03:02:02.001046,140.31470422080307,140.88561647608913,136.71827830883538,140.8687554003325,2313,325829.4312409691
2025-10-10 04:02:02.001046,138.17679152688416,141.99307479048622,134.41962456454422,139.4343749496662,7854,1095117.5808546783
2025-10-10 05:02:02.001046,140.46432375135473,142.16054152083532,140.12737815296472,140.8864332903824,4867,685694.2708242912
2025-10-10 06:02:02.001046,135.29156163234322,138.49369016812457,134.00000952419546,136.34346024464375,7452,1016031.4657430853
2025-10-10 07:02:02.001046,135.86470137922007,137.4990327901433,133.21823275633287,136.60608810840054,6424,877557.510008365
2025-10-10 08:02:02.001046,137.02012260606764,139.34566385933684,132.97245468158928,137.7890047919057,4078,561903.5615413915
2025-10-10 09:02:02.001046,132.99011521991162,135.811746526075,129.75997863417672,132.63562184526359,3523,467275.29576086364
2025-10-10 10:02:02.001046,132.76491280531994,134.72962438622415,128.79773766582198,132.76800020413134,7035,934022.881436064
2025-10-10 11:02:02.001046,126.86242691954624,127.46816614939871,124.40441993909941,126.65813143527697,2724,345016.75002969446
2025-10-10 12:02:02.001046,124.96779068071346,127.70162711594364,123.09436298482368,124.75573452641513,5911,737431.1467856398
2025-10-10 13:02:02.001046,123.05760216926801,123.749901681059,119.40482787795573,122.05204009600342,4110,501633.88479457406
2025-10-10 14:02:02.001046,120.82635401365106,120.89189418708497,118.65267534532661,120.94688294430568,9475,1145971.7158972963
